starttime,tilt1,tilt2,compass,accelerometer,ax,ay,az
2020-02-04 02:20:52.600000,-18.438,-37.875,196.875,1.009,-601.0,-267.0,766.0
2020-02-04 02:20:52.700000,-18.563,-37.688,197.5,1.006,-601.0,-261.0,764.0
2020-02-04 02:20:52.800000,-18.563,-37.688,197.5,1.006,-601.0,-261.0,764.0
2020-02-04 02:20:52.900000,-18.438,-37.5,197.75,1.005,-597.0,-257.0,767.0
2020-02-04 02:20:53,-18.25,-37.375,198.125,1.006,-596.0,-261.0,768.0
2020-02-04 02:20:53.100000,-18.25,-37.375,198.125,1.006,-596.0,-261.0,768.0
2020-02-04 02:20:53.200000,-18.313,-37.25,198.375,0.999,-595.0,-255.0,762.0
2020-02-04 02:20:53.300000,-18.25,-37.125,198.25,1.003,-596.0,-254.0,766.0
2020-02-04 02:20:53.400000,-18.25,-37.125,198.25,1.003,-596.0,-254.0,766.0
2020-02-04 02:20:53.500000,-18.125,-37.063,198.25,1.003,-598.0,-255.0,765.0
2020-02-04 02:20:53.600000,-17.875,-37.063,198.312,1.004,-598.0,-247.0,768.0
2020-02-04 02:20:53.700000,-17.875,-37.063,198.312,1.004,-598.0,-247.0,768.0
2020-02-04 02:20:53.800000,-18.0,-37.0,198.437,1.0,-605.0,-248.0,757.0
2020-02-04 02:20:53.900000,-17.75,-36.813,198.625,0.879,-660.0,-189.0,549.0
2020-02-04 02:20:54,-17.75,-36.813,198.625,0.879,-660.0,-189.0,549.0
2020-02-04 02:20:54.100000,-18.688,-36.938,196.375,0.995,-589.0,-40.0,802.0
2020-02-04 02:20:54.200000,-23.875,-43.125,192.187,1.123,-820.0,-73.0,764.0
2020-02-04 02:20:54.300000,-23.875,-43.125,192.187,1.123,-820.0,-73.0,764.0
2020-02-04 02:20:54.400000,-26.688,-49.188,180.875,1.126,-846.0,55.0,742.0
2020-02-04 02:20:54.500000,-31.188,-53.125,166.562,0.958,-832.0,-186.0,437.0
2020-02-04 02:20:54.600000,-31.188,-53.125,166.562,0.958,-832.0,-186.0,437.0
2020-02-04 02:20:54.700000,-36.375,-53.813,152.875,1.172,-954.0,-481.0,484.0
2020-02-04 02:20:54.800000,-38.063,-60.25,138.75,0.84,-691.0,-307.0,366.0
2020-02-04 02:20:54.900000,-38.063,-60.25,138.75,0.84,-691.0,-307.0,366.0
2020-02-04 02:20:55,-41.5,-63.375,123.062,0.987,-832.0,-343.0,407.0
2020-02-04 02:20:55.100000,-36.0,-65.688,101.062,1.345,-1228.0,-387.0,390.0
2020-02-04 02:20:55.200000,-36.0,-65.688,101.062,1.345,-1228.0,-387.0,390.0
2020-02-04 02:20:55.300000,-27.75,-68.0,78.937,0.983,-885.0,-260.0,342.0
2020-02-04 02:20:55.400000,-25.188,-65.125,59.625,0.866,-797.0,-282.0,188.0
2020-02-04 02:20:55.500000,-25.188,-65.125,59.625,0.866,-797.0,-282.0,188.0
2020-02-04 02:20:55.600000,-24.0,-60.375,48.875,1.29,-1095.0,-587.0,348.0
2020-02-04 02:20:55.700000,-27.063,-60.75,46.312,1.082,-882.0,-507.0,370.0
2020-02-04 02:20:55.800000,-27.063,-60.75,46.312,1.082,-882.0,-507.0,370.0
2020-02-04 02:20:55.900000,-29.063,-59.063,46.062,0.845,-624.0,-405.0,401.0
2020-02-04 02:20:56,-31.438,-57.875,45.625,1.055,-783.0,-457.0,541.0
2020-02-04 02:20:56.100000,-31.438,-57.875,45.625,1.055,-783.0,-457.0,541.0
2020-02-04 02:20:56.200000,-37.813,-59.25,42.75,1.204,-1060.0,-451.0,352.0
2020-02-04 02:20:56.300000,-38.688,-61.313,35.75,0.945,-786.0,-385.0,358.0
2020-02-04 02:20:56.400000,-38.688,-61.313,35.75,0.945,-786.0,-385.0,358.0
2020-02-04 02:20:56.500000,-36.625,-60.5,27.75,1.005,-849.0,-520.0,143.0
2020-02-04 02:20:56.600000,-28.313,-56.125,18.625,1.302,-1020.0,-675.0,449.0
2020-02-04 02:20:56.700000,-28.313,-56.125,18.625,1.302,-1020.0,-675.0,449.0
2020-02-04 02:20:56.800000,-18.563,-50.188,15.937,1.06,-808.0,-455.0,515.0
2020-02-04 02:20:56.900000,-16.563,-46.438,21.25,0.759,-384.0,-380.0,534.0
2020-02-04 02:20:57,-16.563,-46.438,21.25,0.759,-384.0,-380.0,534.0
2020-02-04 02:20:57.100000,-15.313,-41.688,28.187,1.114,-587.0,-478.0,818.0
2020-02-04 02:20:57.200000,-14.938,-40.25,31.937,1.242,-896.0,-385.0,770.0
2020-02-04 02:20:57.300000,-14.938,-40.25,31.937,1.242,-896.0,-385.0,770.0
2020-02-04 02:20:57.400000,-14.313,-43.75,36.875,0.748,-464.0,-314.0,497.0
2020-02-04 02:20:57.500000,-15.188,-46.688,41.562,0.979,-751.0,-400.0,485.0
2020-02-04 02:20:57.600000,-15.188,-46.688,41.562,0.979,-751.0,-400.0,485.0
2020-02-04 02:20:57.700000,-21.5,-50.813,50.75,1.339,-981.0,-659.0,630.0
2020-02-04 02:20:57.800000,-28.563,-55.875,64.625,0.878,-616.0,-461.0,424.0
2020-02-04 02:20:57.900000,-28.563,-55.875,64.625,0.878,-616.0,-461.0,424.0
2020-02-04 02:20:58,-29.438,-56.75,74.75,0.871,-567.0,-400.0,527.0
2020-02-04 02:20:58.100000,-31.375,-55.625,81.437,1.27,-961.0,-516.0,652.0
2020-02-04 02:20:58.200000,-31.375,-55.625,81.437,1.27,-961.0,-516.0,652.0
2020-02-04 02:20:58.300000,-28.5,-57.063,82.937,1.225,-1010.0,-452.0,526.0
2020-02-04 02:20:58.400000,-26.25,-58.25,79.625,0.639,-439.0,-280.0,372.0
2020-02-04 02:20:58.500000,-26.25,-58.25,79.625,0.639,-439.0,-280.0,372.0
2020-02-04 02:20:58.600000,-28.625,-56.125,79.062,1.334,-1069.0,-632.0,489.0
2020-02-04 02:20:58.700000,-35.563,-56.0,84.437,1.174,-892.0,-645.0,410.0
2020-02-04 02:20:58.800000,-35.563,-56.0,84.437,1.174,-892.0,-645.0,410.0
2020-02-04 02:20:58.900000,-35.5,-56.688,86.062,0.719,-461.0,-388.0,393.0
2020-02-04 02:20:59,-34.063,-55.563,87.625,1.055,-734.0,-485.0,583.0
2020-02-04 02:20:59.100000,-34.063,-55.563,87.625,1.055,-734.0,-485.0,583.0
2020-02-04 02:20:59.200000,-31.938,-56.0,85.937,1.424,-1202.0,-496.0,582.0
2020-02-04 02:20:59.300000,-32.875,-58.063,83.812,0.778,-566.0,-349.0,405.0
2020-02-04 02:20:59.400000,-32.875,-58.063,83.812,0.778,-566.0,-349.0,405.0
2020-02-04 02:20:59.500000,-32.0,-57.875,77.437,1.021,-862.0,-463.0,294.0
2020-02-04 02:20:59.600000,-30.375,-56.688,73.125,1.3,-989.0,-692.0,483.0
2020-02-04 02:20:59.700000,-30.375,-56.688,73.125,1.3,-989.0,-692.0,483.0
2020-02-04 02:20:59.800000,-30.438,-56.563,72.875,0.907,-652.0,-486.0,402.0
2020-02-04 02:20:59.900000,-27.5,-54.875,70.0,0.857,-574.0,-345.0,535.0
2020-02-04 02:21:00,-27.5,-54.875,70.0,0.857,-574.0,-345.0,535.0
2020-02-04 02:21:00.100000,-27.0,-52.25,65.875,1.258,-936.0,-467.0,700.0
2020-02-04 02:21:00.200000,-27.688,-53.875,60.812,1.17,-1000.0,-391.0,466.0
2020-02-04 02:21:00.300000,-27.688,-53.875,60.812,1.17,-1000.0,-391.0,466.0
2020-02-04 02:21:00.400000,-29.063,-54.313,52.875,0.747,-591.0,-355.0,289.0
2020-02-04 02:21:00.500000,-30.125,-52.063,47.625,1.22,-966.0,-604.0,439.0
2020-02-04 02:21:00.600000,-30.125,-52.063,47.625,1.22,-966.0,-604.0,439.0
2020-02-04 02:21:00.700000,-39.563,-52.813,52.0,1.121,-900.0,-563.0,363.0
2020-02-04 02:21:00.800000,-50.0,-54.625,52.25,0.847,-600.0,-514.0,306.0
2020-02-04 02:21:00.900000,-50.0,-54.625,52.25,0.847,-600.0,-514.0,306.0
2020-02-04 02:21:01,-54.125,-54.75,48.125,1.087,-814.0,-653.0,306.0
2020-02-04 02:21:01.100000,-53.313,-55.75,40.187,1.338,-1154.0,-600.0,315.0
2020-02-04 02:21:01.200000,-53.313,-55.75,40.187,1.338,-1154.0,-600.0,315.0
2020-02-04 02:21:01.300000,-58.438,-56.0,37.25,0.899,-697.0,-548.0,149.0
2020-02-04 02:21:01.400000,-52.75,-53.625,23.937,1.06,-814.0,-680.0,25.0
2020-02-04 02:21:01.500000,-52.75,-53.625,23.937,1.06,-814.0,-680.0,25.0
2020-02-04 02:21:01.600000,-42.688,-47.813,14.125,1.251,-863.0,-829.0,366.0
2020-02-04 02:21:01.700000,-43.375,-46.188,17.875,0.99,-700.0,-566.0,413.0
2020-02-04 02:21:01.800000,-43.375,-46.188,17.875,0.99,-700.0,-566.0,413.0
2020-02-04 02:21:01.900000,-48.625,-44.813,21.562,0.796,-440.0,-552.0,370.0
2020-02-04 02:21:02,-52.125,-44.375,21.625,1.269,-955.0,-754.0,363.0
2020-02-04 02:21:02.100000,-52.125,-44.375,21.625,1.269,-955.0,-754.0,363.0
2020-02-04 02:21:02.200000,-51.375,-47.313,17.562,1.322,-1088.0,-691.0,296.0
2020-02-04 02:21:02.300000,-48.875,-48.5,11.875,0.739,-503.0,-504.0,201.0
2020-02-04 02:21:02.400000,-48.875,-48.5,11.875,0.739,-503.0,-504.0,201.0
2020-02-04 02:21:02.500000,-44.375,-46.0,6.312,1.24,-935.0,-785.0,222.0
2020-02-04 02:21:02.600000,-42.125,-44.688,5.375,1.244,-864.0,-798.0,408.0
2020-02-04 02:21:02.700000,-42.125,-44.688,5.375,1.244,-864.0,-798.0,408.0
2020-02-04 02:21:02.800000,-36.188,-45.75,12.375,0.863,-539.0,-544.0,398.0
2020-02-04 02:21:02.900000,-31.25,-44.688,19.375,0.887,-518.0,-538.0,479.0
2020-02-04 02:21:03,-31.25,-44.688,19.375,0.887,-518.0,-538.0,479.0
2020-02-04 02:21:03.100000,-27.0,-44.938,25.812,1.272,-959.0,-613.0,569.0
2020-02-04 02:21:03.200000,-24.625,-49.25,34.187,1.155,-918.0,-556.0,429.0
2020-02-04 02:21:03.300000,-24.625,-49.25,34.187,1.155,-918.0,-556.0,429.0
2020-02-04 02:21:03.400000,-25.063,-52.5,44.937,0.899,-687.0,-490.0,311.0
2020-02-04 02:21:03.500000,-25.5,-54.313,59.0,1.132,-925.0,-533.0,378.0
2020-02-04 02:21:03.600000,-25.5,-54.313,59.0,1.132,-925.0,-533.0,378.0
2020-02-04 02:21:03.700000,-24.25,-55.25,78.25,1.159,-907.0,-477.0,542.0
2020-02-04 02:21:03.800000,-22.625,-55.313,99.25,0.952,-700.0,-323.0,560.0
2020-02-04 02:21:03.900000,-22.625,-55.313,99.25,0.952,-700.0,-323.0,560.0
2020-02-04 02:21:04,-21.875,-55.125,121.187,0.831,-546.0,-211.0,591.0
2020-02-04 02:21:04.100000,-24.813,-52.813,137.875,1.193,-919.0,-325.0,688.0
2020-02-04 02:21:04.200000,-24.813,-52.813,137.875,1.193,-919.0,-325.0,688.0
2020-02-04 02:21:04.300000,-27.063,-52.938,149.062,0.995,-719.0,-353.0,591.0
2020-02-04 02:21:04.400000,-30.5,-54.563,158.5,0.939,-778.0,-376.0,370.0
2020-02-04 02:21:04.500000,-30.5,-54.563,158.5,0.939,-778.0,-376.0,370.0
2020-02-04 02:21:04.600000,-31.438,-53.063,166.687,1.282,-1078.0,-450.0,530.0
2020-02-04 02:21:04.700000,-33.438,-52.063,176.5,1.0,-628.0,-490.0,605.0
2020-02-04 02:21:04.800000,-33.438,-52.063,176.5,1.0,-628.0,-490.0,605.0
2020-02-04 02:21:04.900000,-33.938,-52.5,187.25,0.943,-681.0,-423.0,497.0
2020-02-04 02:21:05,-30.375,-50.813,195.75,0.989,-729.0,-392.0,543.0
2020-02-04 02:21:05.100000,-30.375,-50.813,195.75,0.989,-729.0,-392.0,543.0
2020-02-04 02:21:05.200000,-27.875,-47.188,203.625,1.113,-824.0,-262.0,701.0
2020-02-04 02:21:05.300000,-27.625,-44.813,210.062,1.045,-682.0,-172.0,773.0
2020-02-04 02:21:05.400000,-27.625,-44.813,210.062,1.045,-682.0,-172.0,773.0
2020-02-04 02:21:05.500000,-28.375,-45.625,217.375,0.972,-714.0,-174.0,637.0
2020-02-04 02:21:05.600000,-31.125,-44.563,222.875,1.035,-696.0,-358.0,678.0
2020-02-04 02:21:05.700000,-31.125,-44.563,222.875,1.035,-696.0,-358.0,678.0
2020-02-04 02:21:05.800000,-35.0,-41.813,228.562,1.061,-652.0,-495.0,675.0
2020-02-04 02:21:05.900000,-37.813,-42.688,230.375,0.949,-552.0,-488.0,599.0
2020-02-04 02:21:06,-37.813,-42.688,230.375,0.949,-552.0,-488.0,599.0
2020-02-04 02:21:06.100000,-41.875,-44.25,232.5,1.029,-719.0,-569.0,468.0
2020-02-04 02:21:06.200000,-42.938,-45.625,231.625,1.081,-769.0,-586.0,484.0
2020-02-04 02:21:06.300000,-42.938,-45.625,231.625,1.081,-769.0,-586.0,484.0
2020-02-04 02:21:06.400000,-40.688,-44.438,228.5,1.177,-872.0,-519.0,597.0
2020-02-04 02:21:06.500000,-36.563,-42.688,226.687,1.034,-685.0,-391.0,669.0
2020-02-04 02:21:06.600000,-36.563,-42.688,226.687,1.034,-685.0,-391.0,669.0
2020-02-04 02:21:06.700000,-37.438,-41.688,231.75,0.994,-731.0,-396.0,546.0
2020-02-04 02:21:06.800000,-38.688,-38.938,239.937,0.989,-711.0,-404.0,557.0
2020-02-04 02:21:06.900000,-38.688,-38.938,239.937,0.989,-711.0,-404.0,557.0
2020-02-04 02:21:07,-44.438,-35.75,253.125,1.084,-634.0,-592.0,651.0
2020-02-04 02:21:07.100000,-50.875,-39.5,267.125,1.058,-618.0,-608.0,607.0
2020-02-04 02:21:07.200000,-50.875,-39.5,267.125,1.058,-618.0,-608.0,607.0
2020-02-04 02:21:07.300000,-52.625,-41.688,274.937,1.086,-666.0,-705.0,490.0
2020-02-04 02:21:07.400000,-49.375,-42.25,279.062,1.048,-643.0,-691.0,456.0
2020-02-04 02:21:07.500000,-49.375,-42.25,279.062,1.048,-643.0,-691.0,456.0
2020-02-04 02:21:07.600000,-45.813,-39.5,278.562,1.134,-786.0,-598.0,559.0
2020-02-04 02:21:07.700000,-43.688,-35.625,277.687,0.96,-585.0,-398.0,649.0
2020-02-04 02:21:07.800000,-43.688,-35.625,277.687,0.96,-585.0,-398.0,649.0
2020-02-04 02:21:07.900000,-45.938,-36.375,283.312,1.049,-764.0,-395.0,601.0
2020-02-04 02:21:08,-49.563,-38.625,289.75,1.087,-729.0,-461.0,662.0
2020-02-04 02:21:08.100000,-49.563,-38.625,289.75,1.087,-729.0,-461.0,662.0
2020-02-04 02:21:08.200000,-50.5,-41.375,291.687,1.061,-773.0,-407.0,603.0
2020-02-04 02:21:08.300000,-51.125,-43.688,287.0,1.217,-869.0,-677.0,518.0
2020-02-04 02:21:08.400000,-51.125,-43.688,287.0,1.217,-869.0,-677.0,518.0
2020-02-04 02:21:08.500000,-53.75,-43.875,280.812,1.093,-774.0,-751.0,180.0
2020-02-04 02:21:08.600000,-53.688,-38.688,273.75,1.104,-655.0,-795.0,398.0
2020-02-04 02:21:08.700000,-53.688,-38.688,273.75,1.104,-655.0,-795.0,398.0
2020-02-04 02:21:08.800000,-54.188,-34.375,271.125,0.955,-596.0,-649.0,369.0
2020-02-04 02:21:08.900000,-51.25,-31.875,271.375,0.967,-573.0,-679.0,382.0
2020-02-04 02:21:09,-51.25,-31.875,271.375,0.967,-573.0,-679.0,382.0
2020-02-04 02:21:09.100000,-48.063,-34.25,273.562,1.05,-684.0,-652.0,458.0
2020-02-04 02:21:09.200000,-46.938,-39.563,276.0,1.107,-821.0,-482.0,565.0
2020-02-04 02:21:09.300000,-46.938,-39.563,276.0,1.107,-821.0,-482.0,565.0
2020-02-04 02:21:09.400000,-46.125,-43.625,278.562,1.098,-783.0,-434.0,636.0
2020-02-04 02:21:09.500000,-48.375,-45.688,279.5,1.06,-808.0,-441.0,526.0
2020-02-04 02:21:09.600000,-48.375,-45.688,279.5,1.06,-808.0,-441.0,526.0
2020-02-04 02:21:09.700000,-48.625,-45.75,277.937,1.11,-855.0,-507.0,496.0
2020-02-04 02:21:09.800000,-48.438,-45.25,278.125,1.056,-743.0,-590.0,465.0
2020-02-04 02:21:09.900000,-48.438,-45.25,278.125,1.056,-743.0,-590.0,465.0
2020-02-04 02:21:10,-50.125,-43.625,277.375,1.041,-697.0,-682.0,366.0
2020-02-04 02:21:10.100000,-50.938,-40.625,274.125,1.292,-778.0,-978.0,328.0
2020-02-04 02:21:10.200000,-50.938,-40.625,274.125,1.292,-778.0,-978.0,328.0
2020-02-04 02:21:10.300000,-52.5,-32.813,271.875,1.138,-608.0,-926.0,263.0
2020-02-04 02:21:10.400000,-56.313,-20.125,278.75,0.94,-476.0,-748.0,314.0
2020-02-04 02:21:10.500000,-56.313,-20.125,278.75,0.94,-476.0,-748.0,314.0
2020-02-04 02:21:10.600000,-59.875,-13.313,292.687,0.911,-468.0,-610.0,490.0
2020-02-04 02:21:10.700000,-65.313,-18.188,307.562,1.016,-605.0,-627.0,524.0
2020-02-04 02:21:10.800000,-65.313,-18.188,307.562,1.016,-605.0,-627.0,524.0
2020-02-04 02:21:10.900000,-69.625,-30.688,320.437,1.128,-830.0,-640.0,418.0
2020-02-04 02:21:11,-71.75,-44.375,325.187,1.182,-973.0,-600.0,304.0
2020-02-04 02:21:11.100000,-71.75,-44.375,325.187,1.182,-973.0,-600.0,304.0
2020-02-04 02:21:11.200000,-72.688,-54.438,317.875,1.34,-1036.0,-839.0,141.0
2020-02-04 02:21:11.300000,-67.125,-51.75,295.125,1.251,-870.0,-899.0,35.0
2020-02-04 02:21:11.400000,-67.125,-51.75,295.125,1.251,-870.0,-899.0,35.0
2020-02-04 02:21:11.500000,-62.563,-37.125,278.437,1.125,-605.0,-933.0,171.0
2020-02-04 02:21:11.600000,-62.5,-25.438,278.562,1.057,-497.0,-918.0,168.0
2020-02-04 02:21:11.700000,-62.5,-25.438,278.562,1.057,-497.0,-918.0,168.0
2020-02-04 02:21:11.800000,-66.5,-19.75,289.187,1.057,-467.0,-931.0,185.0
2020-02-04 02:21:11.900000,-68.813,-15.938,303.062,1.002,-456.0,-846.0,284.0
2020-02-04 02:21:12,-68.813,-15.938,303.062,1.002,-456.0,-846.0,284.0
2020-02-04 02:21:12.100000,-70.938,-14.313,319.125,1.071,-518.0,-863.0,368.0
2020-02-04 02:21:12.200000,-73.188,-16.313,335.687,1.086,-524.0,-867.0,392.0
2020-02-04 02:21:12.300000,-73.188,-16.313,335.687,1.086,-524.0,-867.0,392.0
2020-02-04 02:21:12.400000,-75.625,-19.125,348.437,1.11,-607.0,-882.0,296.0
2020-02-04 02:21:12.500000,-78.063,-21.25,357.937,1.051,-593.0,-844.0,204.0
2020-02-04 02:21:12.600000,-78.063,-21.25,357.937,1.051,-593.0,-844.0,204.0
2020-02-04 02:21:12.700000,-81.875,-23.313,3.0,0.876,-603.0,-600.0,213.0
2020-02-04 02:21:12.800000,-87.688,-27.125,3.625,1.064,-960.0,-367.0,278.0
2020-02-04 02:21:12.900000,-87.688,-27.125,3.625,1.064,-960.0,-367.0,278.0
2020-02-04 02:21:13,-99.063,-39.813,356.062,2.22,-2095.0,-172.0,716.0
2020-02-04 02:21:13.100000,-84.0,-67.438,316.687,2.812,-2717.0,-706.0,168.0
2020-02-04 02:21:13.200000,-84.0,-67.438,316.687,2.812,-2717.0,-706.0,168.0
2020-02-04 02:21:13.300000,-9.938,-24.188,219.312,1.128,-1103.0,-203.0,-124.0
2020-02-04 02:21:13.400000,-15.688,4.875,209.562,0.48,-98.0,-435.0,-180.0
2020-02-04 02:21:13.500000,-15.688,4.875,209.562,0.48,-98.0,-435.0,-180.0
2020-02-04 02:21:13.600000,-21.688,14.875,205.812,0.816,15.0,-549.0,604.0
2020-02-04 02:21:13.700000,-30.25,0.437,207.875,1.204,-98.0,-701.0,975.0
2020-02-04 02:21:13.800000,-30.25,0.437,207.875,1.204,-98.0,-701.0,975.0
2020-02-04 02:21:13.900000,-40.625,-29.188,217.812,1.344,-648.0,-860.0,805.0
2020-02-04 02:21:14,-53.938,-54.313,238.125,1.386,-1071.0,-637.0,608.0
2020-02-04 02:21:14.100000,-53.938,-54.313,238.125,1.386,-1071.0,-637.0,608.0
2020-02-04 02:21:14.200000,-85.063,-59.625,279.062,1.341,-1159.0,-614.0,281.0
2020-02-04 02:21:14.300000,-104.125,-51.125,309.312,0.767,-567.0,-511.0,-84.0
2020-02-04 02:21:14.400000,-104.125,-51.125,309.312,0.767,-567.0,-511.0,-84.0
2020-02-04 02:21:14.500000,-96.875,-42.813,312.812,1.227,-820.0,-913.0,19.0
2020-02-04 02:21:14.600000,-88.0,-39.0,309.25,0.992,-595.0,-785.0,118.0
2020-02-04 02:21:14.700000,-88.0,-39.0,309.25,0.992,-595.0,-785.0,118.0
2020-02-04 02:21:14.800000,-82.875,-40.813,309.062,1.105,-801.0,-761.0,45.0
2020-02-04 02:21:14.900000,-81.688,-40.375,309.062,1.229,-903.0,-834.0,-15.0
2020-02-04 02:21:15,-81.688,-40.375,309.062,1.229,-903.0,-834.0,-15.0
2020-02-04 02:21:15.100000,-80.938,-42.625,309.812,0.763,-380.0,-645.0,-148.0
2020-02-04 02:21:15.200000,-79.563,-40.875,308.937,1.213,-647.0,-1026.0,47.0
2020-02-04 02:21:15.300000,-79.563,-40.875,308.937,1.213,-647.0,-1026.0,47.0
2020-02-04 02:21:15.400000,-83.25,-44.0,317.062,1.336,-672.0,-1145.0,151.0
2020-02-04 02:21:15.500000,-91.813,-43.563,329.625,1.262,-643.0,-1061.0,236.0
2020-02-04 02:21:15.600000,-92.063,-41.188,340.687,1.23,-1016.0,-690.0,76.0
2020-02-04 02:21:15.700000,-92.063,-41.188,340.687,1.23,-1016.0,-690.0,76.0
2020-02-04 02:21:15.800000,-90.438,-35.938,340.562,1.186,-965.0,-683.0,-95.0
2020-02-04 02:21:15.900000,-87.188,-32.625,338.812,0.808,-338.0,-689.0,-255.0
2020-02-04 02:21:16,-87.188,-32.625,338.812,0.808,-338.0,-689.0,-255.0
2020-02-04 02:21:16.100000,-81.0,-29.0,336.437,1.194,-733.0,-911.0,243.0
2020-02-04 02:21:16.200000,-81.5,-31.188,339.125,0.959,-555.0,-755.0,205.0
2020-02-04 02:21:16.300000,-81.5,-31.188,339.125,0.959,-555.0,-755.0,205.0
2020-02-04 02:21:16.400000,-77.875,-35.313,338.937,1.318,-965.0,-874.0,206.0
2020-02-04 02:21:16.500000,-80.125,-34.125,340.125,1.305,-1026.0,-805.0,70.0
2020-02-04 02:21:16.600000,-80.125,-34.125,340.125,1.305,-1026.0,-805.0,70.0
2020-02-04 02:21:16.700000,-81.688,-34.438,342.437,0.72,-218.0,-681.0,-87.0
2020-02-04 02:21:16.800000,-82.438,-31.188,339.625,1.315,-807.0,-1039.0,18.0
2020-02-04 02:21:16.900000,-82.438,-31.188,339.625,1.315,-807.0,-1039.0,18.0
2020-02-04 02:21:17,-85.063,-34.375,338.125,0.801,-454.0,-660.0,-29.0
2020-02-04 02:21:17.100000,-87.0,-39.0,333.937,1.255,-858.0,-876.0,-270.0
2020-02-04 02:21:17.200000,-87.0,-39.0,333.937,1.255,-858.0,-876.0,-270.0
2020-02-04 02:21:17.300000,-93.438,-40.063,329.062,1.335,-848.0,-952.0,-397.0
2020-02-04 02:21:17.400000,-88.375,-44.875,316.187,0.973,-657.0,-659.0,-286.0
2020-02-04 02:21:17.500000,-88.375,-44.875,316.187,0.973,-657.0,-659.0,-286.0
2020-02-04 02:21:17.600000,-85.563,-45.875,306.562,1.566,-1299.0,-813.0,-325.0
2020-02-04 02:21:17.700000,-78.438,-47.563,291.75,0.629,-309.0,-513.0,193.0
2020-02-04 02:21:17.800000,-78.438,-47.563,291.75,0.629,-309.0,-513.0,193.0
2020-02-04 02:21:17.900000,-68.063,-46.0,273.5,1.276,-846.0,-875.0,385.0
2020-02-04 02:21:18,-60.563,-43.688,263.312,1.363,-1029.0,-879.0,170.0
2020-02-04 02:21:18.100000,-60.563,-43.688,263.312,1.363,-1029.0,-879.0,170.0
2020-02-04 02:21:18.200000,-60.313,-49.063,264.187,0.405,-250.0,-316.0,-43.0
2020-02-04 02:21:18.300000,-67.625,-51.5,272.375,1.499,-1311.0,-594.0,420.0
2020-02-04 02:21:18.400000,-67.625,-51.5,272.375,1.499,-1311.0,-594.0,420.0
2020-02-04 02:21:18.500000,-71.375,-54.875,285.562,1.205,-1077.0,-462.0,284.0
2020-02-04 02:21:18.600000,-67.938,-57.25,295.375,0.853,-633.0,-469.0,328.0
2020-02-04 02:21:18.700000,-67.938,-57.25,295.375,0.853,-633.0,-469.0,328.0
2020-02-04 02:21:18.800000,-70.375,-56.688,298.75,1.225,-962.0,-723.0,231.0
2020-02-04 02:21:18.900000,-69.438,-54.25,295.312,1.135,-899.0,-694.0,9.0
2020-02-04 02:21:19,-69.438,-54.25,295.312,1.135,-899.0,-694.0,9.0
2020-02-04 02:21:19.100000,-65.313,-56.75,290.0,0.937,-783.0,-489.0,-161.0
2020-02-04 02:21:19.200000,-75.75,-55.5,301.562,1.84,-1652.0,-810.0,-22.0
2020-02-04 02:21:19.300000,-75.75,-55.5,301.562,1.84,-1652.0,-810.0,-22.0
2020-02-04 02:21:19.400000,-82.0,-51.0,321.625,0.905,-582.0,-636.0,276.0
2020-02-04 02:21:19.500000,-90.438,-29.938,334.187,1.31,-715.0,-848.0,698.0
2020-02-04 02:21:19.600000,-90.438,-29.938,334.187,1.31,-715.0,-848.0,698.0
2020-02-04 02:21:19.700000,-90.375,-16.25,340.687,0.535,-203.0,55.0,492.0
2020-02-04 02:21:19.800000,-92.125,-24.875,326.125,1.772,-1618.0,-414.0,594.0
2020-02-04 02:21:19.900000,-92.125,-24.875,326.125,1.772,-1618.0,-414.0,594.0
2020-02-04 02:21:20,-64.125,-51.438,273.875,1.949,-1809.0,-685.0,242.0
2020-02-04 02:21:20.100000,-20.313,-47.75,210.5,0.949,-795.0,-477.0,206.0
2020-02-04 02:21:20.200000,-20.313,-47.75,210.5,0.949,-795.0,-477.0,206.0
2020-02-04 02:21:20.300000,-8.188,-35.438,191.375,0.727,-539.0,-486.0,53.0
2020-02-04 02:21:20.400000,-16.188,-42.313,196.687,1.504,-1352.0,-569.0,333.0
2020-02-04 02:21:20.500000,-16.188,-42.313,196.687,1.504,-1352.0,-569.0,333.0
2020-02-04 02:21:20.600000,-54.688,-58.625,242.687,1.694,-1450.0,-779.0,402.0
2020-02-04 02:21:20.700000,-104.313,-47.25,309.5,1.095,-825.0,-666.0,274.0
2020-02-04 02:21:20.800000,-104.313,-47.25,309.5,1.095,-825.0,-666.0,274.0
2020-02-04 02:21:20.900000,-101.313,-27.875,328.5,0.675,-346.0,-524.0,248.0
2020-02-04 02:21:21,-95.375,-19.875,329.75,0.947,-562.0,-762.0,27.0
2020-02-04 02:21:21.100000,-95.375,-19.875,329.75,0.947,-562.0,-762.0,27.0
2020-02-04 02:21:21.200000,-94.625,-26.25,325.562,1.312,-973.0,-881.0,26.0
2020-02-04 02:21:21.300000,-91.688,-38.375,320.812,1.199,-915.0,-771.0,81.0
2020-02-04 02:21:21.400000,-91.688,-38.375,320.812,1.199,-915.0,-771.0,81.0
2020-02-04 02:21:21.500000,-85.75,-47.938,317.062,1.153,-865.0,-744.0,171.0
2020-02-04 02:21:21.600000,-94.125,-46.625,323.875,1.133,-767.0,-829.0,-91.0
2020-02-04 02:21:21.700000,-94.125,-46.625,323.875,1.133,-767.0,-829.0,-91.0
2020-02-04 02:21:21.800000,-94.875,-41.063,324.937,1.104,-590.0,-933.0,-18.0
2020-02-04 02:21:21.900000,-93.0,-37.375,330.062,0.744,-297.0,-680.0,57.0
2020-02-04 02:21:22,-93.0,-37.375,330.062,0.744,-297.0,-680.0,57.0
2020-02-04 02:21:22.100000,-93.625,-28.625,337.625,1.406,-288.0,-1371.0,122.0
2020-02-04 02:21:22.200000,-95.125,-24.375,346.062,1.603,-351.0,-1436.0,620.0
2020-02-04 02:21:22.300000,-95.125,-24.375,346.062,1.603,-351.0,-1436.0,620.0
2020-02-04 02:21:22.400000,-92.75,-28.813,352.312,0.719,-371.0,-408.0,462.0
2020-02-04 02:21:22.500000,-82.063,-35.438,342.75,2.01,-1468.0,-1326.0,360.0
2020-02-04 02:21:22.600000,-82.063,-35.438,342.75,2.01,-1468.0,-1326.0,360.0
2020-02-04 02:21:22.700000,-76.0,-34.875,341.5,0.911,-382.0,-794.0,-234.0
2020-02-04 02:21:22.800000,-77.313,-33.563,351.437,1.358,-770.0,-1119.0,-23.0
2020-02-04 02:21:22.900000,-77.313,-33.563,351.437,1.358,-770.0,-1119.0,-23.0
2020-02-04 02:21:23,-86.5,-20.313,1.312,0.746,-411.0,-587.0,208.0
2020-02-04 02:21:23.100000,-88.688,-12.938,6.437,1.01,-521.0,-852.0,152.0
2020-02-04 02:21:23.200000,-88.688,-12.938,6.437,1.01,-521.0,-852.0,152.0
2020-02-04 02:21:23.300000,-88.75,-3.438,7.812,1.2,-766.0,-917.0,113.0
2020-02-04 02:21:23.400000,-64.813,-11.563,348.437,1.535,-1342.0,-398.0,632.0
2020-02-04 02:21:23.500000,-64.813,-11.563,348.437,1.535,-1342.0,-398.0,632.0
2020-02-04 02:21:23.600000,-44.875,-34.5,309.5,2.599,-2560.0,344.0,289.0
2020-02-04 02:21:23.700000,-9.5,-33.0,223.125,2.451,-2381.0,-197.0,-550.0
2020-02-04 02:21:23.800000,-9.5,-33.0,223.125,2.451,-2381.0,-197.0,-550.0
2020-02-04 02:21:23.900000,17.125,-13.0,168.187,0.634,-332.0,-249.0,480.0
2020-02-04 02:21:24,18.0,-18.875,148.562,0.838,-538.0,-27.0,643.0
2020-02-04 02:21:24.100000,18.0,-18.875,148.562,0.838,-538.0,-27.0,643.0
2020-02-04 02:21:24.200000,7.375,-46.188,150.187,1.182,-939.0,128.0,708.0
2020-02-04 02:21:24.300000,-32.438,-76.5,180.5,1.637,-1567.0,-261.0,398.0
2020-02-04 02:21:24.400000,-32.438,-76.5,180.5,1.637,-1567.0,-261.0,398.0
2020-02-04 02:21:24.500000,-114.0,-67.25,265.562,1.087,-973.0,-465.0,137.0
2020-02-04 02:21:24.600000,-104.313,-47.438,270.312,1.256,-818.0,-954.0,24.0
2020-02-04 02:21:24.700000,-104.313,-47.438,270.312,1.256,-818.0,-954.0,24.0
2020-02-04 02:21:24.800000,-95.813,-33.813,274.562,1.134,-821.0,-667.0,411.0
2020-02-04 02:21:24.900000,-83.938,-35.25,283.437,0.498,-122.0,-309.0,371.0
2020-02-04 02:21:25,-83.938,-35.25,283.437,0.498,-122.0,-309.0,371.0
2020-02-04 02:21:25.100000,-79.813,-33.25,290.187,1.554,-969.0,-1188.0,256.0
2020-02-04 02:21:25.200000,-74.25,-33.0,294.437,0.919,-351.0,-845.0,91.0
2020-02-04 02:21:25.300000,-74.25,-33.0,294.437,0.919,-351.0,-845.0,91.0
2020-02-04 02:21:25.400000,-67.5,-31.375,292.687,1.052,-480.0,-845.0,404.0
2020-02-04 02:21:25.500000,-70.75,-34.438,294.125,1.079,-720.0,-746.0,301.0
2020-02-04 02:21:25.600000,-70.75,-34.438,294.125,1.079,-720.0,-746.0,301.0
2020-02-04 02:21:25.700000,-71.438,-34.0,302.375,1.41,-1137.0,-816.0,176.0
2020-02-04 02:21:25.800000,-69.813,-30.688,311.125,1.368,-556.0,-1134.0,526.0
2020-02-04 02:21:25.900000,-69.813,-30.688,311.125,1.368,-556.0,-1134.0,526.0
2020-02-04 02:21:26,-70.563,-28.75,318.0,0.875,-360.0,-498.0,624.0
2020-02-04 02:21:26.100000,-69.0,-31.313,328.437,0.593,-387.0,-413.0,177.0
2020-02-04 02:21:26.200000,-69.0,-31.313,328.437,0.593,-387.0,-413.0,177.0
2020-02-04 02:21:26.300000,-73.063,-28.0,329.062,1.743,-1280.0,-1142.0,312.0
2020-02-04 02:21:26.400000,-69.0,-24.063,332.187,1.322,-333.0,-1147.0,568.0
2020-02-04 02:21:26.500000,-69.0,-24.063,332.187,1.322,-333.0,-1147.0,568.0
2020-02-04 02:21:26.600000,-68.063,-22.125,337.437,0.484,-168.0,-371.0,263.0
2020-02-04 02:21:26.700000,-67.625,-18.813,343.937,0.821,-491.0,-372.0,544.0
2020-02-04 02:21:26.800000,-67.625,-18.813,343.937,0.821,-491.0,-372.0,544.0
2020-02-04 02:21:26.900000,-71.813,-17.25,347.812,1.496,-1270.0,-288.0,737.0
2020-02-04 02:21:27,-76.063,-31.75,347.687,1.877,-1690.0,-53.0,816.0
2020-02-04 02:21:27.100000,-76.063,-31.75,347.687,1.877,-1690.0,-53.0,816.0
2020-02-04 02:21:27.200000,-61.75,-52.688,310.937,2.636,-2509.0,-811.0,13.0
2020-02-04 02:21:27.300000,-12.125,-37.813,235.062,1.61,-1208.0,-1039.0,-233.0
2020-02-04 02:21:27.400000,-12.125,-37.813,235.062,1.61,-1208.0,-1039.0,-233.0
2020-02-04 02:21:27.500000,-6.813,-22.938,200.937,0.435,44.0,-426.0,80.0
2020-02-04 02:21:27.600000,-20.25,-32.375,190.625,1.569,-1417.0,-605.0,301.0
2020-02-04 02:21:27.700000,-20.25,-32.375,190.625,1.569,-1417.0,-605.0,301.0
2020-02-04 02:21:27.800000,-34.75,-61.188,195.25,2.302,-2036.0,-920.0,556.0
2020-02-04 02:21:27.900000,-73.125,-74.438,239.75,0.733,-581.0,-382.0,233.0
2020-02-04 02:21:28,-73.125,-74.438,239.75,0.733,-581.0,-382.0,233.0
2020-02-04 02:21:28.100000,-97.375,-63.125,280.562,1.293,-1036.0,-656.0,-411.0
2020-02-04 02:21:28.200000,-85.063,-48.875,286.437,1.239,-979.0,-697.0,-304.0
2020-02-04 02:21:28.300000,-85.063,-48.875,286.437,1.239,-979.0,-697.0,-304.0
2020-02-04 02:21:28.400000,-71.438,-43.063,281.062,0.764,-487.0,-583.0,-90.0
2020-02-04 02:21:28.500000,-69.188,-41.5,282.312,1.256,-1098.0,-569.0,220.0
2020-02-04 02:21:28.600000,-69.188,-41.5,282.312,1.256,-1098.0,-569.0,220.0
2020-02-04 02:21:28.700000,-70.25,-38.813,288.75,1.063,-849.0,-512.0,384.0
2020-02-04 02:21:28.800000,-66.5,-40.938,297.0,1.006,-578.0,-633.0,528.0
2020-02-04 02:21:28.900000,-66.5,-40.938,297.0,1.006,-578.0,-633.0,528.0
2020-02-04 02:21:29,-70.563,-39.813,304.0,1.027,-703.0,-653.0,368.0
2020-02-04 02:21:29.100000,-71.625,-43.875,311.687,0.654,-377.0,-506.0,175.0
2020-02-04 02:21:29.200000,-71.625,-43.875,311.687,0.654,-377.0,-506.0,175.0
2020-02-04 02:21:29.300000,-71.063,-49.938,309.437,1.391,-1246.0,-559.0,269.0
2020-02-04 02:21:29.400000,-79.25,-56.625,295.187,1.085,-875.0,-96.0,636.0
2020-02-04 02:21:29.500000,-79.25,-56.625,295.187,1.085,-875.0,-96.0,636.0
2020-02-04 02:21:29.600000,-64.25,-58.5,248.5,2.504,-1860.0,671.0,1537.0
2020-02-04 02:21:29.700000,-26.313,-58.375,154.5,1.529,-553.0,987.0,1030.0
2020-02-04 02:21:29.800000,-26.313,-58.375,154.5,1.529,-553.0,987.0,1030.0
2020-02-04 02:21:29.900000,-21.813,-36.938,83.125,1.827,-1242.0,-1098.0,768.0
2020-02-04 02:21:30,-46.875,-15.563,78.5,2.483,-1833.0,-1586.0,-540.0
2020-02-04 02:21:30.100000,-46.875,-15.563,78.5,2.483,-1833.0,-1586.0,-540.0
2020-02-04 02:21:30.200000,-43.313,10.187,124.625,2.411,-2225.0,-243.0,897.0
2020-02-04 02:21:30.300000,-58.063,10.687,207.062,1.792,-444.0,491.0,1666.0
2020-02-04 02:21:30.400000,-58.063,10.687,207.062,1.792,-444.0,491.0,1666.0
2020-02-04 02:21:30.500000,-89.063,-14.875,266.437,2.132,-1219.0,-1704.0,399.0
2020-02-04 02:21:30.600000,-93.563,-38.938,274.0,0.744,-164.0,-452.0,568.0
2020-02-04 02:21:30.700000,-93.563,-38.938,274.0,0.744,-164.0,-452.0,568.0
2020-02-04 02:21:30.800000,-77.375,-52.625,249.125,2.46,-1994.0,-1428.0,-198.0
2020-02-04 02:21:30.900000,-55.125,-54.75,201.312,0.681,-142.0,-562.0,-359.0
2020-02-04 02:21:31,-55.125,-54.75,201.312,0.681,-142.0,-562.0,-359.0
2020-02-04 02:21:31.100000,-43.375,-45.125,180.875,1.729,-758.0,-1319.0,822.0
2020-02-04 02:21:31.200000,-47.875,-48.688,183.687,1.011,-674.0,-708.0,260.0
2020-02-04 02:21:31.300000,-47.875,-48.688,183.687,1.011,-674.0,-708.0,260.0
2020-02-04 02:21:31.400000,-47.125,-63.438,206.375,0.314,-191.0,-249.0,18.0
2020-02-04 02:21:31.500000,-57.813,-53.875,242.0,1.884,-1312.0,-1101.0,787.0
2020-02-04 02:21:31.600000,-57.813,-53.875,242.0,1.884,-1312.0,-1101.0,787.0
2020-02-04 02:21:31.700000,-68.75,-54.563,274.375,0.86,-422.0,-508.0,551.0
2020-02-04 02:21:31.800000,-65.75,-51.125,287.375,1.101,-552.0,-410.0,861.0
2020-02-04 02:21:31.900000,-65.75,-51.125,287.375,1.101,-552.0,-410.0,861.0
2020-02-04 02:21:32,-61.25,-51.625,289.625,1.071,-789.0,-526.0,498.0
2020-02-04 02:21:32.100000,-67.438,-53.938,299.25,1.224,-1043.0,-641.0,29.0
2020-02-04 02:21:32.200000,-67.438,-53.938,299.25,1.224,-1043.0,-641.0,29.0
2020-02-04 02:21:32.300000,-83.875,-53.688,321.937,1.726,-1403.0,-909.0,433.0
2020-02-04 02:21:32.400000,-92.938,-46.375,334.625,0.773,-41.0,-396.0,663.0
2020-02-04 02:21:32.500000,-92.938,-46.375,334.625,0.773,-41.0,-396.0,663.0
2020-02-04 02:21:32.600000,-81.25,-48.625,331.25,1.172,-670.0,-493.0,827.0
2020-02-04 02:21:32.700000,-62.563,-43.438,302.437,1.82,-1592.0,-769.0,434.0
2020-02-04 02:21:32.800000,-62.563,-43.438,302.437,1.82,-1592.0,-769.0,434.0
2020-02-04 02:21:32.900000,-62.0,-51.25,298.375,0.486,-51.0,-280.0,-394.0
2020-02-04 02:21:33,-78.0,-50.5,307.312,2.174,-1887.0,-991.0,429.0
2020-02-04 02:21:33.100000,-78.0,-50.5,307.312,2.174,-1887.0,-991.0,429.0
2020-02-04 02:21:33.200000,-75.813,-48.75,308.187,0.757,268.0,-420.0,571.0
2020-02-04 02:21:33.300000,-66.188,-46.313,302.75,1.811,-1462.0,-657.0,845.0
2020-02-04 02:21:33.400000,-66.188,-46.313,302.75,1.811,-1462.0,-657.0,845.0
2020-02-04 02:21:33.500000,-69.0,-44.375,287.562,1.095,-916.0,-601.0,26.0
2020-02-04 02:21:33.600000,-67.625,-48.875,282.062,0.604,-494.0,-345.0,-42.0
2020-02-04 02:21:33.700000,-67.625,-48.875,282.062,0.604,-494.0,-345.0,-42.0
2020-02-04 02:21:33.800000,-74.0,-43.75,273.937,1.629,-1156.0,-989.0,585.0
2020-02-04 02:21:33.900000,-59.125,-40.813,269.687,0.566,326.0,-184.0,425.0
2020-02-04 02:21:34,-59.125,-40.813,269.687,0.566,326.0,-184.0,425.0
2020-02-04 02:21:34.100000,-57.0,-39.0,252.5,1.92,-1511.0,-704.0,954.0
2020-02-04 02:21:34.200000,-65.125,-45.438,246.375,1.079,-806.0,-624.0,354.0
2020-02-04 02:21:34.300000,-65.125,-45.438,246.375,1.079,-806.0,-624.0,354.0
2020-02-04 02:21:34.400000,-73.125,-51.0,247.812,0.75,-634.0,-368.0,163.0
2020-02-04 02:21:34.500000,-85.125,-46.938,247.0,1.034,-837.0,-598.0,108.0
2020-02-04 02:21:34.600000,-85.125,-46.938,247.0,1.034,-837.0,-598.0,108.0
2020-02-04 02:21:34.700000,-84.625,-46.438,245.437,0.389,-232.0,-310.0,44.0
2020-02-04 02:21:34.800000,-88.5,-47.438,241.0,1.367,-1239.0,-571.0,100.0
2020-02-04 02:21:34.900000,-88.5,-47.438,241.0,1.367,-1239.0,-571.0,100.0
2020-02-04 02:21:35,-100.0,-49.688,234.375,2.07,-1909.0,-761.0,-254.0
2020-02-04 02:21:35.100000,-97.063,-56.313,218.375,1.183,-872.0,-747.0,287.0
2020-02-04 02:21:35.200000,-97.063,-56.313,218.375,1.183,-872.0,-747.0,287.0
2020-02-04 02:21:35.300000,-104.75,-60.063,225.687,1.065,-804.0,-666.0,211.0
2020-02-04 02:21:35.400000,-138.688,-57.188,253.562,1.591,-1391.0,-492.0,-596.0
2020-02-04 02:21:35.500000,-138.688,-57.188,253.562,1.591,-1391.0,-492.0,-596.0
2020-02-04 02:21:35.600000,-158.188,-33.125,269.25,1.326,-858.0,-362.0,-945.0
2020-02-04 02:21:35.700000,-160.875,-17.25,265.187,0.433,141.0,-280.0,-299.0
2020-02-04 02:21:35.800000,-160.875,-17.25,265.187,0.433,141.0,-280.0,-299.0
2020-02-04 02:21:35.900000,-166.5,-13.125,260.25,1.078,-636.0,-443.0,-750.0
2020-02-04 02:21:36,-165.063,-27.5,257.687,0.866,-656.0,-389.0,-412.0
2020-02-04 02:21:36.100000,-165.063,-27.5,257.687,0.866,-656.0,-389.0,-412.0
2020-02-04 02:21:36.200000,-166.5,-49.5,258.062,1.224,-729.0,-505.0,-845.0
2020-02-04 02:21:36.300000,-157.813,-63.125,242.75,1.587,-1217.0,-409.0,-934.0
2020-02-04 02:21:36.400000,-157.813,-63.125,242.75,1.587,-1217.0,-409.0,-934.0
2020-02-04 02:21:36.500000,-120.125,-69.5,224.0,0.435,-299.0,-213.0,-234.0
2020-02-04 02:21:36.600000,-94.938,-67.063,221.687,1.135,-972.0,-580.0,91.0
2020-02-04 02:21:36.700000,-94.938,-67.063,221.687,1.135,-972.0,-580.0,91.0
2020-02-04 02:21:36.800000,-83.75,-64.438,224.937,1.164,-953.0,-667.0,-47.0
2020-02-04 02:21:36.900000,-90.438,-68.313,257.062,1.097,-968.0,-490.0,-165.0
2020-02-04 02:21:37,-90.438,-68.313,257.062,1.097,-968.0,-490.0,-165.0
2020-02-04 02:21:37.100000,-117.25,-60.5,303.0,1.595,-1419.0,-730.0,18.0
2020-02-04 02:21:37.200000,-130.625,-40.5,334.0,0.997,-815.0,-537.0,204.0
2020-02-04 02:21:37.300000,-130.625,-40.5,334.0,0.997,-815.0,-537.0,204.0
2020-02-04 02:21:37.400000,-130.0,-21.0,347.937,0.937,-782.0,-388.0,343.0
2020-02-04 02:21:37.500000,-129.313,-17.063,352.312,2.029,-1939.0,-405.0,443.0
2020-02-04 02:21:37.600000,-129.313,-17.063,352.312,2.029,-1939.0,-405.0,443.0
2020-02-04 02:21:37.700000,-114.313,-47.875,339.937,3.502,-3411.0,-794.0,-27.0
2020-02-04 02:21:37.800000,-2.875,-47.188,204.062,1.472,-1362.0,-271.0,-489.0
2020-02-04 02:21:37.900000,-2.875,-47.188,204.062,1.472,-1362.0,-271.0,-489.0
2020-02-04 02:21:38,-9.938,-9.0,187.562,0.548,-139.0,-398.0,-351.0
2020-02-04 02:21:38.100000,-14.813,-1.188,181.625,0.857,-464.0,-577.0,432.0
2020-02-04 02:21:38.200000,-14.813,-1.188,181.625,0.857,-464.0,-577.0,432.0
2020-02-04 02:21:38.300000,-25.375,-28.0,184.562,1.463,-876.0,-596.0,1010.0
2020-02-04 02:21:38.400000,-46.438,-64.375,212.0,1.331,-1083.0,-473.0,613.0
2020-02-04 02:21:38.500000,-46.438,-64.375,212.0,1.331,-1083.0,-473.0,613.0
2020-02-04 02:21:38.600000,-110.813,-75.688,285.812,1.579,-1448.0,-508.0,376.0
2020-02-04 02:21:38.700000,-112.25,-68.75,291.625,1.284,-1228.0,-369.0,-76.0
2020-02-04 02:21:38.800000,-112.25,-68.75,291.625,1.284,-1228.0,-369.0,-76.0
2020-02-04 02:21:38.900000,-120.75,-60.563,296.875,0.431,-251.0,-246.0,-251.0
2020-02-04 02:21:39,-122.875,-51.313,300.25,1.455,-1168.0,-787.0,-366.0
2020-02-04 02:21:39.100000,-122.875,-51.313,300.25,1.455,-1168.0,-787.0,-366.0
2020-02-04 02:21:39.200000,-119.188,-47.813,304.75,1.012,-800.0,-581.0,-220.0
2020-02-04 02:21:39.300000,-112.875,-50.313,307.5,0.642,-398.0,-492.0,110.0
2020-02-04 02:21:39.400000,-112.875,-50.313,307.5,0.642,-398.0,-492.0,110.0
2020-02-04 02:21:39.500000,-109.875,-49.625,309.25,1.694,-1277.0,-1036.0,-410.0
2020-02-04 02:21:39.600000,-105.188,-51.125,303.0,1.056,-699.0,-686.0,-396.0
2020-02-04 02:21:39.700000,-105.188,-51.125,303.0,1.056,-699.0,-686.0,-396.0
2020-02-04 02:21:39.800000,-104.938,-48.625,299.937,0.999,-713.0,-654.0,-250.0
2020-02-04 02:21:39.900000,-95.063,-45.313,290.187,1.196,-583.0,-1031.0,171.0
2020-02-04 02:21:40,-95.063,-45.313,290.187,1.196,-583.0,-1031.0,171.0
2020-02-04 02:21:40.100000,-97.063,-48.813,294.125,0.671,-367.0,-562.0,17.0
2020-02-04 02:21:40.200000,-103.375,-51.5,291.375,1.426,-1298.0,-478.0,349.0
2020-02-04 02:21:40.300000,-103.375,-51.5,291.375,1.426,-1298.0,-478.0,349.0
2020-02-04 02:21:40.400000,-89.563,-60.063,252.625,1.468,-1211.0,-584.0,591.0
2020-02-04 02:21:40.500000,-38.875,-67.188,172.375,0.539,-536.0,59.0,2.0
2020-02-04 02:21:40.600000,-38.875,-67.188,172.375,0.539,-536.0,59.0,2.0
2020-02-04 02:21:40.700000,-10.0,-45.813,113.437,1.303,-681.0,33.0,1111.0
2020-02-04 02:21:40.800000,-19.563,-21.125,83.937,1.21,-348.0,-338.0,1109.0
2020-02-04 02:21:40.900000,-19.563,-21.125,83.937,1.21,-348.0,-338.0,1109.0
2020-02-04 02:21:41,-28.875,-5.625,67.937,1.222,-551.0,-704.0,834.0
2020-02-04 02:21:41.100000,-30.438,-2.125,60.875,1.222,-598.0,-920.0,540.0
2020-02-04 02:21:41.200000,-30.438,-2.125,60.875,1.222,-598.0,-920.0,540.0
2020-02-04 02:21:41.300000,-28.813,-2.063,57.875,1.229,-503.0,-843.0,741.0
2020-02-04 02:21:41.400000,-35.875,-3.625,65.0,1.13,-370.0,-997.0,384.0
2020-02-04 02:21:41.500000,-35.875,-3.625,65.0,1.13,-370.0,-997.0,384.0
2020-02-04 02:21:41.600000,-55.25,-29.125,89.625,1.918,-1348.0,-1334.0,-289.0
2020-02-04 02:21:41.700000,-84.75,-15.688,166.375,1.42,-1315.0,-520.0,-130.0
2020-02-04 02:21:41.800000,-81.063,4.687,191.437,0.471,-11.0,-117.0,457.0
2020-02-04 02:21:41.900000,-81.063,4.687,191.437,0.471,-11.0,-117.0,457.0
2020-02-04 02:21:42,-71.625,-0.75,204.187,1.305,-453.0,-913.0,816.0
2020-02-04 02:21:42.100000,-67.0,-35.75,234.0,0.982,-665.0,-612.0,385.0
2020-02-04 02:21:42.200000,-67.0,-35.75,234.0,0.982,-665.0,-612.0,385.0
2020-02-04 02:21:42.300000,-93.188,-56.5,294.375,1.883,-1753.0,-682.0,-93.0
2020-02-04 02:21:42.400000,-119.313,-51.438,337.625,1.354,-1301.0,-340.0,164.0
2020-02-04 02:21:42.500000,-119.313,-51.438,337.625,1.354,-1301.0,-340.0,164.0
2020-02-04 02:21:42.600000,-121.875,-43.25,352.0,1.002,-936.0,-358.0,5.0
2020-02-04 02:21:42.700000,-115.813,-40.125,348.375,0.988,-853.0,-495.0,-60.0
2020-02-04 02:21:42.800000,-115.813,-40.125,348.375,0.988,-853.0,-495.0,-60.0
2020-02-04 02:21:42.900000,-112.188,-35.438,339.625,1.23,-676.0,-956.0,-378.0
2020-02-04 02:21:43,-108.563,-38.0,330.25,0.949,-541.0,-778.0,-60.0
2020-02-04 02:21:43.100000,-108.563,-38.0,330.25,0.949,-541.0,-778.0,-60.0
2020-02-04 02:21:43.200000,-106.0,-40.5,331.812,0.91,-568.0,-711.0,34.0
2020-02-04 02:21:43.300000,-104.063,-39.0,337.0,1.321,-953.0,-904.0,-147.0
2020-02-04 02:21:43.400000,-104.063,-39.0,337.0,1.321,-953.0,-904.0,-147.0
2020-02-04 02:21:43.500000,-101.688,-38.063,341.5,1.304,-912.0,-899.0,-250.0
2020-02-04 02:21:43.600000,-99.875,-39.688,340.562,0.849,-568.0,-600.0,-197.0
2020-02-04 02:21:43.700000,-99.875,-39.688,340.562,0.849,-568.0,-600.0,-197.0
2020-02-04 02:21:43.800000,-95.0,-38.938,338.125,1.084,-754.0,-760.0,-174.0
2020-02-04 02:21:43.900000,-91.125,-38.563,331.187,1.173,-560.0,-1013.0,196.0
2020-02-04 02:21:44,-91.125,-38.563,331.187,1.173,-560.0,-1013.0,196.0
2020-02-04 02:21:44.100000,-94.375,-40.313,336.187,0.828,-215.0,-800.0,8.0
2020-02-04 02:21:44.200000,-104.625,-35.75,340.125,1.717,-610.0,-1606.0,10.0
2020-02-04 02:21:44.300000,-104.625,-35.75,340.125,1.717,-610.0,-1606.0,10.0
2020-02-04 02:21:44.400000,-105.0,-35.0,346.125,1.278,-448.0,-1151.0,331.0
2020-02-04 02:21:44.500000,-99.188,-39.0,351.5,0.917,-465.0,-756.0,233.0
2020-02-04 02:21:44.600000,-99.188,-39.0,351.5,0.917,-465.0,-756.0,233.0
2020-02-04 02:21:44.700000,-103.063,-35.813,345.812,1.912,-1387.0,-1316.0,19.0
2020-02-04 02:21:44.800000,-114.625,-26.0,338.562,0.646,-256.0,-435.0,-404.0
2020-02-04 02:21:44.900000,-114.625,-26.0,338.562,0.646,-256.0,-435.0,-404.0
2020-02-04 02:21:45,-110.625,-10.25,330.375,0.889,-257.0,-837.0,-154.0
2020-02-04 02:21:45.100000,-98.063,4.437,327.0,1.019,-502.0,-348.0,816.0
2020-02-04 02:21:45.200000,-98.063,4.437,327.0,1.019,-502.0,-348.0,816.0
2020-02-04 02:21:45.300000,-60.688,5.0,313.187,2.312,-1730.0,-287.0,1508.0
2020-02-04 02:21:45.400000,-18.438,-22.313,275.125,2.833,-2687.0,10.0,900.0
2020-02-04 02:21:45.500000,-18.438,-22.313,275.125,2.833,-2687.0,10.0,900.0
2020-02-04 02:21:45.600000,12.437,-31.688,194.437,1.907,-1857.0,-437.0,-13.0
2020-02-04 02:21:45.700000,13.0,-13.438,155.062,0.636,-314.0,-547.0,83.0
2020-02-04 02:21:45.800000,13.0,-13.438,155.062,0.636,-314.0,-547.0,83.0
2020-02-04 02:21:45.900000,19.062,-13.25,141.125,0.792,-674.0,-197.0,368.0
2020-02-04 02:21:46,10.625,-42.75,147.25,1.963,-1752.0,-126.0,878.0
2020-02-04 02:21:46.100000,10.625,-42.75,147.25,1.963,-1752.0,-126.0,878.0
2020-02-04 02:21:46.200000,-54.813,-70.625,220.25,2.185,-2082.0,-160.0,644.0
2020-02-04 02:21:46.300000,-97.688,-38.938,282.937,0.805,-728.0,-72.0,338.0
2020-02-04 02:21:46.400000,-97.688,-38.938,282.937,0.805,-728.0,-72.0,338.0
2020-02-04 02:21:46.500000,-82.688,-15.063,280.687,1.001,-151.0,-906.0,400.0
2020-02-04 02:21:46.600000,-77.563,-15.813,274.375,0.816,-292.0,-738.0,191.0
2020-02-04 02:21:46.700000,-77.563,-15.813,274.375,0.816,-292.0,-738.0,191.0
2020-02-04 02:21:46.800000,-66.0,-27.75,274.375,0.988,-574.0,-768.0,242.0
2020-02-04 02:21:46.900000,-66.688,-35.813,273.125,1.425,-972.0,-812.0,655.0
2020-02-04 02:21:47,-66.688,-35.813,273.125,1.425,-972.0,-812.0,655.0
2020-02-04 02:21:47.100000,-74.938,-46.063,290.625,0.933,-586.0,-514.0,514.0
2020-02-04 02:21:47.200000,-83.563,-46.5,307.75,1.335,-705.0,-1037.0,460.0
2020-02-04 02:21:47.300000,-83.563,-46.5,307.75,1.335,-705.0,-1037.0,460.0
2020-02-04 02:21:47.400000,-87.938,-49.125,304.812,0.404,-115.0,-175.0,346.0
2020-02-04 02:21:47.500000,-87.813,-61.938,277.687,2.172,-1861.0,199.0,1104.0
2020-02-04 02:21:47.600000,-87.813,-61.938,277.687,2.172,-1861.0,199.0,1104.0
2020-02-04 02:21:47.700000,-46.188,-71.063,212.187,1.378,-1332.0,3.0,355.0
2020-02-04 02:21:47.800000,-67.063,-76.438,202.562,0.89,-604.0,-620.0,-208.0
2020-02-04 02:21:47.900000,-67.063,-76.438,202.562,0.89,-604.0,-620.0,-208.0
2020-02-04 02:21:48,-104.0,-72.063,212.125,1.197,-771.0,-873.0,280.0
2020-02-04 02:21:48.100000,-76.938,-72.125,184.562,0.679,-64.0,-133.0,663.0
2020-02-04 02:21:48.200000,-76.938,-72.125,184.562,0.679,-64.0,-133.0,663.0
2020-02-04 02:21:48.300000,-15.563,-60.25,117.312,2.298,-1746.0,-632.0,1354.0
2020-02-04 02:21:48.400000,-6.938,-42.5,90.812,0.546,-485.0,-151.0,-201.0
2020-02-04 02:21:48.500000,-6.938,-42.5,90.812,0.546,-485.0,-151.0,-201.0
2020-02-04 02:21:48.600000,-7.688,-35.75,78.437,1.879,-1393.0,-678.0,1065.0
2020-02-04 02:21:48.700000,-10.188,-34.25,86.625,0.434,168.0,-343.0,208.0
2020-02-04 02:21:48.800000,-10.188,-34.25,86.625,0.434,168.0,-343.0,208.0
2020-02-04 02:21:48.900000,-8.875,-30.125,89.187,1.992,-996.0,-581.0,1625.0
2020-02-04 02:21:49,-18.188,-24.188,85.0,0.655,-610.0,-156.0,183.0
2020-02-04 02:21:49.100000,-18.188,-24.188,85.0,0.655,-610.0,-156.0,183.0
2020-02-04 02:21:49.200000,-18.75,-22.875,83.375,0.971,-692.0,-278.0,623.0
2020-02-04 02:21:49.300000,-27.375,-24.438,101.062,0.831,-334.0,-559.0,517.0
2020-02-04 02:21:49.400000,-27.375,-24.438,101.062,0.831,-334.0,-559.0,517.0
2020-02-04 02:21:49.500000,-20.563,-29.125,115.875,1.532,-1099.0,-317.0,1020.0
2020-02-04 02:21:49.600000,-24.0,-35.813,131.187,0.906,-849.0,-226.0,225.0
2020-02-04 02:21:49.700000,-24.0,-35.813,131.187,0.906,-849.0,-226.0,225.0
2020-02-04 02:21:49.800000,-22.875,-45.563,152.875,1.397,-1250.0,-404.0,477.0
2020-02-04 02:21:49.900000,-23.438,-58.0,180.187,1.087,-1003.0,-415.0,73.0
2020-02-04 02:21:50,-23.438,-58.0,180.187,1.087,-1003.0,-415.0,73.0
2020-02-04 02:21:50.100000,-38.938,-68.188,221.812,1.352,-1209.0,-546.0,263.0
2020-02-04 02:21:50.200000,-50.188,-66.063,253.812,0.663,-355.0,-440.0,348.0
2020-02-04 02:21:50.300000,-50.188,-66.063,253.812,0.663,-355.0,-440.0,348.0
2020-02-04 02:21:50.400000,-36.438,-62.563,259.5,1.462,-912.0,-598.0,975.0
2020-02-04 02:21:50.500000,-37.25,-54.0,255.75,1.354,-1105.0,-472.0,626.0
2020-02-04 02:21:50.600000,-37.25,-54.0,255.75,1.354,-1105.0,-472.0,626.0
2020-02-04 02:21:50.700000,-37.625,-62.0,264.75,0.382,-262.0,-101.0,-260.0
2020-02-04 02:21:50.800000,-52.5,-62.813,292.187,1.95,-1686.0,-683.0,705.0
2020-02-04 02:21:50.900000,-52.5,-62.813,292.187,1.95,-1686.0,-683.0,705.0
2020-02-04 02:21:51,-63.438,-58.375,315.75,0.871,-279.0,-548.0,618.0
2020-02-04 02:21:51.100000,-54.125,-59.625,319.875,0.87,-297.0,-421.0,702.0
2020-02-04 02:21:51.200000,-54.125,-59.625,319.875,0.87,-297.0,-421.0,702.0
2020-02-04 02:21:51.300000,-47.25,-49.125,295.937,1.84,-1532.0,-542.0,864.0
2020-02-04 02:21:51.400000,-47.25,-53.063,280.625,0.345,-178.0,-150.0,-255.0
2020-02-04 02:21:51.500000,-47.25,-53.063,280.625,0.345,-178.0,-150.0,-255.0
2020-02-04 02:21:51.600000,-56.375,-53.5,278.125,2.125,-1901.0,-854.0,417.0
2020-02-04 02:21:51.700000,-63.875,-49.0,284.937,0.918,-676.0,-574.0,238.0
2020-02-04 02:21:51.800000,-63.875,-49.0,284.937,0.918,-676.0,-574.0,238.0
2020-02-04 02:21:51.900000,-74.688,-57.563,303.187,0.377,-207.0,-306.0,-78.0
2020-02-04 02:21:52,-101.375,-56.25,321.562,2.138,-2024.0,-665.0,-186.0
2020-02-04 02:21:52.100000,-101.375,-56.25,321.562,2.138,-2024.0,-665.0,-186.0
2020-02-04 02:21:52.200000,-99.5,-50.75,327.562,0.734,18.0,-470.0,564.0
2020-02-04 02:21:52.300000,-93.75,-48.25,313.875,1.686,-1400.0,-765.0,547.0
2020-02-04 02:21:52.400000,-93.75,-48.25,313.875,1.686,-1400.0,-765.0,547.0
2020-02-04 02:21:52.500000,-88.938,-53.125,292.312,0.78,-507.0,-479.0,-350.0
2020-02-04 02:21:52.600000,-78.625,-61.625,268.625,1.276,-1202.0,-366.0,-224.0
2020-02-04 02:21:52.700000,-78.625,-61.625,268.625,1.276,-1202.0,-366.0,-224.0
2020-02-04 02:21:52.800000,-91.875,-63.0,274.812,1.65,-1575.0,-493.0,14.0
2020-02-04 02:21:52.900000,-102.625,-63.063,296.75,0.683,-204.0,-462.0,461.0
2020-02-04 02:21:53,-102.625,-63.063,296.75,0.683,-204.0,-462.0,461.0
2020-02-04 02:21:53.100000,-109.75,-56.75,302.75,1.588,-1300.0,-835.0,367.0
2020-02-04 02:21:53.200000,-117.313,-57.0,298.437,0.781,-550.0,-538.0,-135.0
2020-02-04 02:21:53.300000,-117.313,-57.0,298.437,0.781,-550.0,-538.0,-135.0
2020-02-04 02:21:53.400000,-106.438,-59.688,278.687,0.931,-728.0,-576.0,-77.0
2020-02-04 02:21:53.500000,-84.438,-59.438,251.437,1.524,-1377.0,-611.0,237.0
2020-02-04 02:21:53.600000,-84.438,-59.438,251.437,1.524,-1377.0,-611.0,237.0
2020-02-04 02:21:53.700000,-76.125,-58.75,242.437,1.162,-983.0,-547.0,292.0
2020-02-04 02:21:53.800000,-91.688,-62.25,266.125,0.938,-775.0,-475.0,234.0
2020-02-04 02:21:53.900000,-91.688,-62.25,266.125,0.938,-775.0,-475.0,234.0
2020-02-04 02:21:54,-104.563,-58.813,287.875,1.084,-868.0,-597.0,259.0
2020-02-04 02:21:54.100000,-109.25,-52.0,298.062,1.165,-698.0,-929.0,86.0
2020-02-04 02:21:54.200000,-109.25,-52.0,298.062,1.165,-698.0,-929.0,86.0
2020-02-04 02:21:54.300000,-113.75,-50.75,302.312,0.955,-604.0,-740.0,-33.0
2020-02-04 02:21:54.400000,-112.5,-52.438,301.75,1.096,-798.0,-752.0,-24.0
2020-02-04 02:21:54.500000,-112.5,-52.438,301.75,1.096,-798.0,-752.0,-24.0
2020-02-04 02:21:54.600000,-108.688,-56.5,298.062,1.197,-1060.0,-558.0,-6.0
2020-02-04 02:21:54.700000,-103.688,-59.063,290.687,0.597,-490.0,-290.0,-181.0
2020-02-04 02:21:54.800000,-103.688,-59.063,290.687,0.597,-490.0,-290.0,-181.0
2020-02-04 02:21:54.900000,-97.688,-56.5,289.5,1.42,-879.0,-1103.0,-170.0
2020-02-04 02:21:55,-106.313,-56.125,309.062,1.713,-701.0,-1504.0,429.0
2020-02-04 02:21:55.100000,-106.313,-56.125,309.062,1.713,-701.0,-1504.0,429.0
2020-02-04 02:21:55.200000,-113.313,-59.0,321.375,0.88,-458.0,-520.0,544.0
2020-02-04 02:21:55.300000,-78.625,-53.0,287.937,2.056,-1585.0,-1058.0,772.0
2020-02-04 02:21:55.400000,-78.625,-53.0,287.937,2.056,-1585.0,-1058.0,772.0
2020-02-04 02:21:55.500000,-74.875,-42.563,277.125,0.973,-697.0,-676.0,-71.0
2020-02-04 02:21:55.600000,-80.5,-42.0,292.687,1.03,-596.0,-832.0,124.0
2020-02-04 02:21:55.700000,-80.5,-42.0,292.687,1.03,-596.0,-832.0,124.0
2020-02-04 02:21:55.800000,-97.5,-28.313,306.187,0.902,-416.0,-661.0,452.0
2020-02-04 02:21:55.900000,-90.875,-20.313,317.562,0.614,-129.0,-324.0,506.0
2020-02-04 02:21:56,-90.875,-20.313,317.562,0.614,-129.0,-324.0,506.0
2020-02-04 02:21:56.100000,-90.563,-17.0,318.375,1.984,-1565.0,-1125.0,472.0
2020-02-04 02:21:56.200000,-67.688,-28.0,308.25,1.9,-1700.0,-350.0,773.0
2020-02-04 02:21:56.300000,-67.688,-28.0,308.25,1.9,-1700.0,-350.0,773.0
2020-02-04 02:21:56.400000,-31.313,-49.375,268.687,1.627,-1474.0,161.0,670.0
2020-02-04 02:21:56.500000,0.0,-32.938,199.875,1.648,-1615.0,-263.0,-204.0
2020-02-04 02:21:56.600000,0.0,-32.938,199.875,1.648,-1615.0,-263.0,-204.0
2020-02-04 02:21:56.700000,-2.375,-10.125,172.062,0.463,-363.0,-256.0,-132.0
2020-02-04 02:21:56.800000,-4.313,-6.063,157.375,1.069,-666.0,-502.0,670.0
2020-02-04 02:21:56.900000,-4.313,-6.063,157.375,1.069,-666.0,-502.0,670.0
2020-02-04 02:21:57,-22.563,-35.688,154.562,1.723,-1362.0,-626.0,850.0
2020-02-04 02:21:57.100000,-113.438,-69.875,241.375,1.563,-1339.0,-789.0,-167.0
2020-02-04 02:21:57.200000,-113.438,-69.875,241.375,1.563,-1339.0,-789.0,-167.0
2020-02-04 02:21:57.300000,-146.75,-39.0,297.312,1.158,-878.0,-755.0,-24.0
2020-02-04 02:21:57.400000,-123.5,-36.625,309.625,0.748,-576.0,-477.0,-24.0
2020-02-04 02:21:57.500000,-123.5,-36.625,309.625,0.748,-576.0,-477.0,-24.0
2020-02-04 02:21:57.600000,-103.688,-44.063,313.437,1.175,-884.0,-731.0,256.0
2020-02-04 02:21:57.700000,-92.188,-51.5,310.5,1.499,-1179.0,-922.0,85.0
2020-02-04 02:21:57.800000,-92.188,-51.5,310.5,1.499,-1179.0,-922.0,85.0
2020-02-04 02:21:57.900000,-86.313,-55.188,305.25,0.868,-668.0,-549.0,85.0
2020-02-04 02:21:58,-82.0,-52.0,306.5,0.936,-720.0,-567.0,195.0
2020-02-04 02:21:58.100000,-82.0,-52.0,306.5,0.936,-720.0,-567.0,195.0
2020-02-04 02:21:58.200000,-75.438,-45.938,303.0,1.17,-842.0,-704.0,408.0
2020-02-04 02:21:58.300000,-74.375,-47.0,307.437,0.864,-501.0,-576.0,405.0
2020-02-04 02:21:58.400000,-74.375,-47.0,307.437,0.864,-501.0,-576.0,405.0
2020-02-04 02:21:58.500000,-70.313,-47.75,308.312,0.997,-677.0,-649.0,339.0
2020-02-04 02:21:58.600000,-71.188,-47.938,311.062,1.4,-1121.0,-831.0,121.0
2020-02-04 02:21:58.700000,-71.188,-47.938,311.062,1.4,-1121.0,-831.0,121.0
2020-02-04 02:21:58.800000,-74.625,-51.25,312.812,0.875,-671.0,-563.0,3.0
2020-02-04 02:21:58.900000,-83.688,-52.063,314.687,0.866,-753.0,-422.0,81.0
2020-02-04 02:21:59,-83.688,-52.063,314.687,0.866,-753.0,-422.0,81.0
2020-02-04 02:21:59.100000,-87.938,-55.0,288.25,2.117,-1857.0,-281.0,977.0
2020-02-04 02:21:59.200000,-71.625,-59.188,237.812,1.004,-878.0,-312.0,374.0
2020-02-04 02:21:59.300000,-71.625,-59.188,237.812,1.004,-878.0,-312.0,374.0
2020-02-04 02:21:59.400000,-44.0,-56.625,172.375,0.717,-169.0,628.0,304.0
2020-02-04 02:21:59.500000,-14.063,-31.25,105.5,1.197,-842.0,110.0,844.0
2020-02-04 02:21:59.600000,-14.063,-31.25,105.5,1.197,-842.0,110.0,844.0
2020-02-04 02:21:59.700000,-3.938,-9.063,62.062,2.202,-1671.0,-1016.0,1013.0
2020-02-04 02:21:59.800000,-21.375,-24.188,73.062,1.334,-729.0,-1013.0,473.0
2020-02-04 02:21:59.900000,-21.375,-24.188,73.062,1.334,-729.0,-1013.0,473.0
2020-02-04 02:22:00,-71.188,-39.938,163.687,1.997,-1829.0,-471.0,-650.0
2020-02-04 02:22:00.100000,-62.938,-28.813,187.562,1.347,-1163.0,-680.0,14.0
2020-02-04 02:22:00.200000,-62.938,-28.813,187.562,1.347,-1163.0,-680.0,14.0
2020-02-04 02:22:00.300000,-80.813,-35.25,196.937,1.022,-411.0,-929.0,115.0
2020-02-04 02:22:00.400000,-82.375,-51.188,207.937,1.606,-983.0,-1270.0,12.0
2020-02-04 02:22:00.500000,-82.375,-51.188,207.937,1.606,-983.0,-1270.0,12.0
2020-02-04 02:22:00.600000,-77.375,-59.313,228.125,0.509,-307.0,-402.0,65.0
2020-02-04 02:22:00.700000,-81.875,-64.938,258.0,0.952,-774.0,-554.0,-24.0
2020-02-04 02:22:00.800000,-81.875,-64.938,258.0,0.952,-774.0,-554.0,-24.0
2020-02-04 02:22:00.900000,-80.813,-62.563,280.812,1.283,-1071.0,-648.0,283.0
2020-02-04 02:22:01,-81.0,-60.375,300.0,1.687,-1351.0,-326.0,957.0
2020-02-04 02:22:01.100000,-81.0,-60.375,300.0,1.687,-1351.0,-326.0,957.0
2020-02-04 02:22:01.200000,-99.938,-53.313,327.875,1.089,-988.0,-316.0,333.0
2020-02-04 02:22:01.300000,-113.688,-40.875,348.625,0.945,-298.0,-797.0,-412.0
2020-02-04 02:22:01.400000,-113.688,-40.875,348.625,0.945,-298.0,-797.0,-412.0
2020-02-04 02:22:01.500000,-106.75,-34.438,352.875,1.204,-723.0,-949.0,-166.0
2020-02-04 02:22:01.600000,-100.063,-36.813,351.187,1.271,-647.0,-1093.0,65.0
2020-02-04 02:22:01.700000,-100.063,-36.813,351.187,1.271,-647.0,-1093.0,65.0
2020-02-04 02:22:01.800000,-96.563,-40.75,353.375,1.257,-1054.0,-673.0,-134.0
2020-02-04 02:22:01.900000,-97.25,-34.938,354.875,0.513,-197.0,-457.0,-126.0
2020-02-04 02:22:02,-97.25,-34.938,354.875,0.513,-197.0,-457.0,-126.0
2020-02-04 02:22:02.100000,-88.25,-25.563,348.812,1.184,-574.0,-992.0,300.0
2020-02-04 02:22:02.200000,-90.063,-19.313,352.562,1.095,-725.0,-818.0,78.0
2020-02-04 02:22:02.300000,-90.063,-19.313,352.562,1.095,-725.0,-818.0,78.0
2020-02-04 02:22:02.400000,-93.25,-15.75,355.937,1.403,-894.0,-1052.0,-252.0
2020-02-04 02:22:02.500000,-96.25,-10.875,353.437,1.424,-1036.0,-974.0,-80.0
2020-02-04 02:22:02.600000,-96.25,-10.875,353.437,1.424,-1036.0,-974.0,-80.0
2020-02-04 02:22:02.700000,-88.375,-1.938,346.312,1.281,-876.0,-316.0,880.0
2020-02-04 02:22:02.800000,-76.875,-15.063,333.375,1.566,-1501.0,-78.0,443.0
2020-02-04 02:22:02.900000,-76.875,-15.063,333.375,1.566,-1501.0,-78.0,443.0
2020-02-04 02:22:03,-60.313,-50.063,292.437,3.236,-3013.0,-1182.0,-22.0
2020-02-04 02:22:03.100000,-0.938,-36.938,209.0,1.271,-1031.0,-692.0,-272.0
2020-02-04 02:22:03.200000,-0.938,-36.938,209.0,1.271,-1031.0,-692.0,-272.0
2020-02-04 02:22:03.300000,-10.5,-19.563,183.625,0.767,-615.0,-444.0,119.0
2020-02-04 02:22:03.400000,-15.188,-26.813,175.187,1.389,-1239.0,-623.0,80.0
2020-02-04 02:22:03.500000,-15.188,-26.813,175.187,1.389,-1239.0,-623.0,80.0
2020-02-04 02:22:03.600000,-14.875,-55.0,179.812,1.675,-1573.0,-472.0,331.0
2020-02-04 02:22:03.700000,-65.938,-74.313,243.687,1.429,-1372.0,-356.0,186.0
2020-02-04 02:22:03.800000,-65.938,-74.313,243.687,1.429,-1372.0,-356.0,186.0
2020-02-04 02:22:03.900000,-114.938,-62.0,299.625,1.483,-1427.0,-301.0,272.0
2020-02-04 02:22:04,-126.063,-43.563,319.437,0.734,-694.0,-240.0,9.0
2020-02-04 02:22:04.100000,-126.063,-43.563,319.437,0.734,-694.0,-240.0,9.0
2020-02-04 02:22:04.200000,-120.5,-35.938,327.375,0.84,-704.0,-444.0,-115.0
2020-02-04 02:22:04.300000,-111.625,-36.0,330.625,1.169,-814.0,-839.0,-19.0
2020-02-04 02:22:04.400000,-111.625,-36.0,330.625,1.169,-814.0,-839.0,-19.0
2020-02-04 02:22:04.500000,-108.813,-38.813,323.625,1.226,-630.0,-1045.0,-124.0
2020-02-04 02:22:04.600000,-107.688,-43.625,312.75,1.054,-604.0,-864.0,10.0
2020-02-04 02:22:04.700000,-107.688,-43.625,312.75,1.054,-604.0,-864.0,10.0
2020-02-04 02:22:04.800000,-101.125,-46.25,305.937,0.852,-565.0,-638.0,-4.0
2020-02-04 02:22:04.900000,-98.188,-52.188,303.187,1.206,-1070.0,-543.0,127.0
2020-02-04 02:22:05,-98.188,-52.188,303.187,1.206,-1070.0,-543.0,127.0
2020-02-04 02:22:05.100000,-99.625,-58.688,300.75,0.498,-480.0,-130.0,33.0
2020-02-04 02:22:05.200000,-84.875,-65.125,276.75,1.583,-1225.0,178.0,987.0
2020-02-04 02:22:05.300000,-84.875,-65.125,276.75,1.583,-1225.0,178.0,987.0
2020-02-04 02:22:05.400000,-47.5,-72.313,222.375,1.873,-1742.0,-80.0,684.0
2020-02-04 02:22:05.500000,-70.438,-75.063,228.0,0.947,-656.0,-620.0,-288.0
2020-02-04 02:22:05.600000,-70.438,-75.063,228.0,0.947,-656.0,-620.0,-288.0
2020-02-04 02:22:05.700000,-122.125,-60.063,256.562,1.113,-885.0,-674.0,-48.0
2020-02-04 02:22:05.800000,-125.25,-55.438,259.812,0.44,-66.0,-303.0,313.0
2020-02-04 02:22:05.900000,-125.25,-55.438,259.812,0.44,-66.0,-303.0,313.0
2020-02-04 02:22:06,-121.625,-62.438,265.312,2.035,-1827.0,-805.0,398.0
2020-02-04 02:22:06.100000,-115.938,-71.188,255.625,0.869,-748.0,-381.0,-225.0
2020-02-04 02:22:06.200000,-115.938,-71.188,255.625,0.869,-748.0,-381.0,-225.0
2020-02-04 02:22:06.300000,-112.313,-77.063,242.625,0.883,-522.0,-352.0,-620.0
2020-02-04 02:22:06.400000,-125.25,-74.875,249.437,1.721,-1523.0,-685.0,-419.0
2020-02-04 02:22:06.500000,-125.25,-74.875,249.437,1.721,-1523.0,-685.0,-419.0
2020-02-04 02:22:06.600000,-92.5,-76.438,227.812,0.39,24.0,-347.0,178.0
2020-02-04 02:22:06.700000,-76.625,-72.063,223.562,1.522,-1387.0,-604.0,172.0
2020-02-04 02:22:06.800000,-76.625,-72.063,223.562,1.522,-1387.0,-604.0,172.0
2020-02-04 02:22:06.900000,-71.5,-66.125,217.812,1.267,-1110.0,-600.0,-123.0
2020-02-04 02:22:07,-66.813,-68.313,210.5,0.789,-602.0,-511.0,-16.0
2020-02-04 02:22:07.100000,-66.813,-68.313,210.5,0.789,-602.0,-511.0,-16.0
2020-02-04 02:22:07.200000,-72.688,-63.5,213.5,1.344,-1074.0,-801.0,-114.0
2020-02-04 02:22:07.300000,-96.375,-66.188,224.375,0.862,-704.0,-374.0,-329.0
2020-02-04 02:22:07.400000,-96.375,-66.188,224.375,0.862,-704.0,-374.0,-329.0
2020-02-04 02:22:07.500000,-116.625,-63.688,237.937,1.059,-871.0,-525.0,-297.0
2020-02-04 02:22:07.600000,-116.313,-63.063,244.312,1.072,-867.0,-554.0,-304.0
2020-02-04 02:22:07.700000,-116.313,-63.063,244.312,1.072,-867.0,-554.0,-304.0
2020-02-04 02:22:07.800000,-103.75,-65.688,242.0,1.031,-832.0,-609.0,1.0
2020-02-04 02:22:07.900000,-90.813,-68.313,235.437,1.005,-822.0,-556.0,164.0
2020-02-04 02:22:08,-90.813,-68.313,235.437,1.005,-822.0,-556.0,164.0
2020-02-04 02:22:08.100000,-73.375,-64.625,220.437,1.166,-1004.0,-486.0,340.0
2020-02-04 02:22:08.200000,-69.625,-68.938,216.875,0.987,-771.0,-435.0,437.0
2020-02-04 02:22:08.300000,-69.625,-68.938,216.875,0.987,-771.0,-435.0,437.0
2020-02-04 02:22:08.400000,-75.688,-71.75,220.625,1.1,-946.0,-430.0,363.0
2020-02-04 02:22:08.500000,-88.25,-72.938,229.562,1.379,-1246.0,-552.0,214.0
2020-02-04 02:22:08.600000,-88.25,-72.938,229.562,1.379,-1246.0,-552.0,214.0
2020-02-04 02:22:08.700000,-104.063,-70.875,242.687,0.922,-786.0,-480.0,-44.0
2020-02-04 02:22:08.800000,-97.563,-67.5,235.437,0.898,-724.0,-523.0,101.0
2020-02-04 02:22:08.900000,-77.0,-62.375,217.375,1.034,-723.0,-606.0,424.0
2020-02-04 02:22:09,-77.0,-62.375,217.375,1.034,-723.0,-606.0,424.0
2020-02-04 02:22:09.100000,-66.563,-62.313,212.312,1.077,-848.0,-493.0,447.0
2020-02-04 02:22:09.200000,-61.875,-63.125,207.5,1.692,-1505.0,-643.0,432.0
2020-02-04 02:22:09.300000,-61.875,-63.125,207.5,1.692,-1505.0,-643.0,432.0
2020-02-04 02:22:09.400000,-63.063,-65.313,205.25,0.564,-428.0,-360.0,-78.0
2020-02-04 02:22:09.500000,-71.688,-64.875,214.687,1.094,-919.0,-583.0,-118.0
2020-02-04 02:22:09.600000,-71.688,-64.875,214.687,1.094,-919.0,-583.0,-118.0
2020-02-04 02:22:09.700000,-77.625,-61.063,222.0,1.123,-891.0,-639.0,247.0
2020-02-04 02:22:09.800000,-73.875,-63.875,230.437,0.314,-219.0,-211.0,80.0
2020-02-04 02:22:09.900000,-73.875,-63.875,230.437,0.314,-219.0,-211.0,80.0
2020-02-04 02:22:10,-92.063,-67.938,250.687,1.826,-1654.0,-470.0,-615.0
2020-02-04 02:22:10.100000,-91.813,-67.563,256.5,1.123,-1005.0,-437.0,-249.0
2020-02-04 02:22:10.200000,-91.813,-67.563,256.5,1.123,-1005.0,-437.0,-249.0
2020-02-04 02:22:10.300000,-123.563,-64.313,289.937,1.053,-851.0,-463.0,-414.0
2020-02-04 02:22:10.400000,-139.0,-55.25,312.375,1.024,-648.0,-476.0,-635.0
2020-02-04 02:22:10.500000,-139.0,-55.25,312.375,1.024,-648.0,-476.0,-635.0
2020-02-04 02:22:10.600000,-146.0,-46.813,325.812,1.221,-820.0,-520.0,-741.0
2020-02-04 02:22:10.700000,-149.938,-43.938,334.5,1.498,-1058.0,-577.0,-890.0
2020-02-04 02:22:10.800000,-149.938,-43.938,334.5,1.498,-1058.0,-577.0,-890.0
2020-02-04 02:22:10.900000,-151.75,-47.875,342.437,0.994,-585.0,-525.0,-609.0
2020-02-04 02:22:11,-142.813,-52.688,342.0,0.787,-438.0,-598.0,-266.0
2020-02-04 02:22:11.100000,-142.813,-52.688,342.0,0.787,-438.0,-598.0,-266.0
2020-02-04 02:22:11.200000,-126.875,-59.313,330.5,1.15,-903.0,-648.0,-298.0
2020-02-04 02:22:11.300000,-111.625,-67.813,313.625,1.13,-938.0,-321.0,-544.0
2020-02-04 02:22:11.400000,-111.625,-67.813,313.625,1.13,-938.0,-321.0,-544.0
2020-02-04 02:22:11.500000,-105.75,-65.875,305.625,1.472,-1356.0,-368.0,-439.0
2020-02-04 02:22:11.600000,-100.938,-67.25,313.687,0.525,-297.0,-433.0,-24.0
2020-02-04 02:22:11.700000,-100.938,-67.25,313.687,0.525,-297.0,-433.0,-24.0
2020-02-04 02:22:11.800000,-97.813,-62.563,321.75,1.217,-1077.0,-567.0,26.0
2020-02-04 02:22:11.900000,-104.063,-54.375,332.812,1.267,-933.0,-824.0,-237.0
2020-02-04 02:22:12,-104.063,-54.375,332.812,1.267,-933.0,-824.0,-237.0
2020-02-04 02:22:12.100000,-99.813,-55.0,342.562,0.817,-578.0,-563.0,-132.0
2020-02-04 02:22:12.200000,-84.125,-57.688,342.25,1.411,-1367.0,-293.0,195.0
2020-02-04 02:22:12.300000,-84.125,-57.688,342.25,1.411,-1367.0,-293.0,195.0
2020-02-04 02:22:12.400000,-81.688,-59.063,345.187,0.879,-730.0,-456.0,181.0
2020-02-04 02:22:12.500000,-83.5,-58.125,348.5,0.938,-677.0,-650.0,-19.0
2020-02-04 02:22:12.600000,-83.5,-58.125,348.5,0.938,-677.0,-650.0,-19.0
2020-02-04 02:22:12.700000,-74.5,-58.25,344.5,1.088,-841.0,-691.0,0.0
2020-02-04 02:22:12.800000,-83.625,-56.75,349.125,1.012,-692.0,-661.0,-331.0
2020-02-04 02:22:12.900000,-83.625,-56.75,349.125,1.012,-692.0,-661.0,-331.0
2020-02-04 02:22:13,-87.125,-53.375,359.0,1.803,-1417.0,-1115.0,9.0
2020-02-04 02:22:13.100000,-69.563,-56.375,359.062,0.513,-166.0,-450.0,183.0
2020-02-04 02:22:13.200000,-69.563,-56.375,359.062,0.513,-166.0,-450.0,183.0
2020-02-04 02:22:13.300000,-53.5,-56.5,0.437,1.167,-836.0,-598.0,553.0
2020-02-04 02:22:13.400000,-57.5,-56.063,5.0,1.429,-1254.0,-669.0,154.0
2020-02-04 02:22:13.500000,-57.5,-56.063,5.0,1.429,-1254.0,-669.0,154.0
2020-02-04 02:22:13.600000,-73.625,-65.375,27.312,0.476,-168.0,-368.0,-252.0
2020-02-04 02:22:13.700000,-78.25,-63.125,40.875,1.871,-1636.0,-882.0,216.0
2020-02-04 02:22:13.800000,-78.25,-63.125,40.875,1.871,-1636.0,-882.0,216.0
2020-02-04 02:22:13.900000,-67.563,-60.625,32.687,0.764,-397.0,-530.0,383.0
2020-02-04 02:22:14,-64.313,-58.375,24.937,1.017,-832.0,-352.0,468.0
2020-02-04 02:22:14.100000,-64.313,-58.375,24.937,1.017,-832.0,-352.0,468.0
2020-02-04 02:22:14.200000,-69.813,-52.75,11.375,1.496,-1320.0,-643.0,289.0
2020-02-04 02:22:14.300000,-80.188,-51.563,1.0,0.761,-603.0,-402.0,-235.0
2020-02-04 02:22:14.400000,-80.188,-51.563,1.0,0.761,-603.0,-402.0,-235.0
2020-02-04 02:22:14.500000,-86.5,-50.063,351.75,1.626,-1362.0,-809.0,-369.0
2020-02-04 02:22:14.600000,-85.75,-46.438,347.875,0.857,-474.0,-714.0,-7.0
2020-02-04 02:22:14.700000,-85.75,-46.438,347.875,0.857,-474.0,-714.0,-7.0
2020-02-04 02:22:14.800000,-83.563,-43.063,350.125,0.767,-529.0,-546.0,-107.0
2020-02-04 02:22:14.900000,-81.438,-37.563,345.312,1.818,-1377.0,-1187.0,-26.0
2020-02-04 02:22:15,-81.438,-37.563,345.312,1.818,-1377.0,-1187.0,-26.0
2020-02-04 02:22:15.100000,-81.625,-35.25,345.187,1.094,-685.0,-849.0,84.0
2020-02-04 02:22:15.200000,-97.75,-24.5,358.687,1.0,-641.0,-764.0,75.0
2020-02-04 02:22:15.300000,-97.75,-24.5,358.687,1.0,-641.0,-764.0,75.0
2020-02-04 02:22:15.400000,-108.188,-12.875,10.812,0.806,-365.0,-698.0,174.0
2020-02-04 02:22:15.500000,-111.938,-8.625,19.312,0.775,-593.0,-435.0,245.0
2020-02-04 02:22:15.600000,-111.938,-8.625,19.312,0.775,-593.0,-435.0,245.0
2020-02-04 02:22:15.700000,-122.688,-21.875,19.437,2.483,-2441.0,25.0,-459.0
2020-02-04 02:22:15.800000,-121.875,-69.625,325.75,2.649,-2601.0,-328.0,-384.0
2020-02-04 02:22:15.900000,-121.875,-69.625,325.75,2.649,-2601.0,-328.0,-384.0
2020-02-04 02:22:16,-20.5,-27.063,206.812,1.048,-1029.0,-190.0,-64.0
2020-02-04 02:22:16.100000,-20.813,-1.625,196.625,0.598,-444.0,-361.0,174.0
2020-02-04 02:22:16.200000,-20.813,-1.625,196.625,0.598,-444.0,-361.0,174.0
2020-02-04 02:22:16.300000,-19.563,-9.875,198.062,1.134,-499.0,-352.0,956.0
2020-02-04 02:22:16.400000,-17.125,-28.625,202.312,1.269,-492.0,-238.0,1146.0
2020-02-04 02:22:16.500000,-17.125,-28.625,202.312,1.269,-492.0,-238.0,1146.0
2020-02-04 02:22:16.600000,-19.438,-44.125,209.0,1.154,-628.0,-193.0,949.0
2020-02-04 02:22:16.700000,-22.813,-52.438,215.062,1.065,-682.0,-216.0,790.0
2020-02-04 02:22:16.800000,-22.813,-52.438,215.062,1.065,-682.0,-216.0,790.0
2020-02-04 02:22:16.900000,-26.063,-56.938,215.875,1.056,-851.0,-237.0,579.0
2020-02-04 02:22:17,-28.688,-59.813,213.437,0.989,-859.0,-382.0,309.0
2020-02-04 02:22:17.100000,-28.688,-59.813,213.437,0.989,-859.0,-382.0,309.0
2020-02-04 02:22:17.200000,-32.188,-62.188,213.312,1.082,-966.0,-395.0,289.0
2020-02-04 02:22:17.300000,-37.5,-63.875,218.125,1.036,-911.0,-416.0,266.0
2020-02-04 02:22:17.400000,-37.5,-63.875,218.125,1.036,-911.0,-416.0,266.0
2020-02-04 02:22:17.500000,-52.375,-62.688,233.937,0.981,-864.0,-402.0,237.0
2020-02-04 02:22:17.600000,-53.125,-61.5,239.0,1.04,-926.0,-353.0,316.0
2020-02-04 02:22:17.700000,-53.125,-61.5,239.0,1.04,-926.0,-353.0,316.0
2020-02-04 02:22:17.800000,-52.313,-60.813,244.187,1.108,-965.0,-353.0,415.0
2020-02-04 02:22:17.900000,-61.625,-61.0,258.375,1.061,-936.0,-383.0,322.0
2020-02-04 02:22:18,-61.625,-61.0,258.375,1.061,-936.0,-383.0,322.0
2020-02-04 02:22:18.100000,-81.188,-59.125,282.0,0.987,-829.0,-525.0,111.0
2020-02-04 02:22:18.200000,-93.25,-54.875,299.937,1.107,-902.0,-642.0,-41.0
2020-02-04 02:22:18.300000,-93.25,-54.875,299.937,1.107,-902.0,-642.0,-41.0
2020-02-04 02:22:18.400000,-92.063,-54.688,305.75,0.897,-651.0,-593.0,-173.0
2020-02-04 02:22:18.500000,-87.313,-56.188,307.0,1.047,-695.0,-762.0,-184.0
2020-02-04 02:22:18.600000,-87.313,-56.188,307.0,1.047,-695.0,-762.0,-184.0
2020-02-04 02:22:18.700000,-91.375,-55.5,319.125,1.563,-1077.0,-1120.0,172.0
2020-02-04 02:22:18.800000,-91.688,-56.438,332.562,0.87,-627.0,-528.0,292.0
2020-02-04 02:22:18.900000,-91.688,-56.438,332.562,0.87,-627.0,-528.0,292.0
2020-02-04 02:22:19,-74.688,-54.688,327.75,1.562,-1322.0,-602.0,576.0
2020-02-04 02:22:19.100000,-82.25,-48.875,330.125,1.442,-1316.0,-563.0,181.0
2020-02-04 02:22:19.200000,-82.25,-48.875,330.125,1.442,-1316.0,-563.0,181.0
2020-02-04 02:22:19.300000,-88.313,-46.188,344.25,0.771,-80.0,-665.0,-382.0
2020-02-04 02:22:19.400000,-83.375,-34.25,353.187,1.409,-1057.0,-923.0,137.0
2020-02-04 02:22:19.500000,-83.375,-34.25,353.187,1.409,-1057.0,-923.0,137.0
2020-02-04 02:22:19.600000,-83.813,-21.938,359.562,0.591,-316.0,-482.0,131.0
2020-02-04 02:22:19.700000,-91.125,-8.125,4.875,1.062,-751.0,-727.0,-189.0
2020-02-04 02:22:19.800000,-91.125,-8.125,4.875,1.062,-751.0,-727.0,-189.0
2020-02-04 02:22:19.900000,-87.563,-6.5,3.687,1.686,-1431.0,-503.0,738.0
2020-02-04 02:22:20,-57.125,-27.625,341.687,2.746,-2731.0,-244.0,162.0
2020-02-04 02:22:20.100000,-57.125,-27.625,341.687,2.746,-2731.0,-244.0,162.0
2020-02-04 02:22:20.200000,-16.063,-43.125,248.125,2.8,-2669.0,-715.0,-459.0
2020-02-04 02:22:20.300000,-13.188,-21.5,203.0,1.131,-1001.0,-498.0,-174.0
2020-02-04 02:22:20.400000,-13.188,-21.5,203.0,1.131,-1001.0,-498.0,-174.0
2020-02-04 02:22:20.500000,-11.0,-17.375,186.562,0.951,-669.0,-530.0,420.0
2020-02-04 02:22:20.600000,-14.563,-29.25,194.312,1.634,-1335.0,-273.0,903.0
2020-02-04 02:22:20.700000,-14.563,-29.25,194.312,1.634,-1335.0,-273.0,903.0
2020-02-04 02:22:20.800000,-50.0,-58.0,240.625,1.648,-1552.0,-192.0,521.0
2020-02-04 02:22:20.900000,-98.563,-46.563,314.437,1.222,-1205.0,-206.0,10.0
2020-02-04 02:22:21,-98.563,-46.563,314.437,1.222,-1205.0,-206.0,10.0
2020-02-04 02:22:21.100000,-80.938,-27.438,333.312,0.911,-820.0,-303.0,258.0
2020-02-04 02:22:21.200000,-61.938,-23.25,331.375,1.062,-436.0,-802.0,544.0
2020-02-04 02:22:21.300000,-61.938,-23.25,331.375,1.062,-436.0,-802.0,544.0
2020-02-04 02:22:21.400000,-60.25,-33.0,328.187,1.001,-553.0,-731.0,404.0
2020-02-04 02:22:21.500000,-53.438,-38.875,322.812,0.961,-639.0,-601.0,394.0
2020-02-04 02:22:21.600000,-53.438,-38.875,322.812,0.961,-639.0,-601.0,394.0
2020-02-04 02:22:21.700000,-51.375,-41.688,319.187,1.007,-808.0,-492.0,347.0
2020-02-04 02:22:21.800000,-51.75,-46.688,312.562,1.305,-1143.0,-485.0,403.0
2020-02-04 02:22:21.900000,-51.75,-46.688,312.562,1.305,-1143.0,-485.0,403.0
2020-02-04 02:22:22,-48.75,-51.938,303.812,1.022,-839.0,-368.0,453.0
2020-02-04 02:22:22.100000,-45.063,-53.875,290.0,1.049,-905.0,-250.0,469.0
2020-02-04 02:22:22.200000,-45.063,-53.875,290.0,1.049,-905.0,-250.0,469.0
2020-02-04 02:22:22.300000,-45.875,-53.313,277.625,0.967,-884.0,-148.0,364.0
2020-02-04 02:22:22.400000,-50.313,-51.5,266.25,0.958,-856.0,-315.0,294.0
2020-02-04 02:22:22.500000,-50.313,-51.5,266.25,0.958,-856.0,-315.0,294.0
2020-02-04 02:22:22.600000,-58.188,-49.375,259.312,1.397,-1032.0,-805.0,491.0
2020-02-04 02:22:22.700000,-74.813,-54.563,265.187,0.836,-518.0,-656.0,25.0
2020-02-04 02:22:22.800000,-74.813,-54.563,265.187,0.836,-518.0,-656.0,25.0
2020-02-04 02:22:22.900000,-78.563,-55.438,263.437,1.063,-824.0,-653.0,161.0
2020-02-04 02:22:23,-80.563,-52.563,264.75,1.01,-828.0,-517.0,260.0
2020-02-04 02:22:23.100000,-80.563,-52.563,264.75,1.01,-828.0,-517.0,260.0
2020-02-04 02:22:23.200000,-87.0,-50.313,276.562,1.204,-987.0,-602.0,338.0
2020-02-04 02:22:23.300000,-96.563,-48.188,294.25,1.359,-1083.0,-822.0,7.0
2020-02-04 02:22:23.400000,-96.563,-48.188,294.25,1.359,-1083.0,-822.0,7.0
2020-02-04 02:22:23.500000,-96.938,-48.625,299.625,0.924,-702.0,-601.0,24.0
2020-02-04 02:22:23.600000,-88.5,-48.313,297.0,0.914,-700.0,-575.0,-122.0
2020-02-04 02:22:23.700000,-88.5,-48.313,297.0,0.914,-700.0,-575.0,-122.0
2020-02-04 02:22:23.800000,-84.313,-43.688,296.687,1.272,-918.0,-880.0,51.0
2020-02-04 02:22:23.900000,-86.75,-43.438,304.375,0.99,-632.0,-749.0,146.0
2020-02-04 02:22:24,-86.75,-43.438,304.375,0.99,-632.0,-749.0,146.0
2020-02-04 02:22:24.100000,-82.188,-45.563,311.062,0.795,-533.0,-521.0,278.0
2020-02-04 02:22:24.200000,-84.125,-44.313,319.25,1.295,-1051.0,-737.0,176.0
2020-02-04 02:22:24.300000,-84.125,-44.313,319.25,1.295,-1051.0,-737.0,176.0
2020-02-04 02:22:24.400000,-88.625,-46.063,326.187,1.405,-1105.0,-869.0,-19.0
2020-02-04 02:22:24.500000,-77.313,-51.0,315.625,0.72,-565.0,-370.0,250.0
2020-02-04 02:22:24.600000,-77.313,-51.0,315.625,0.72,-565.0,-370.0,250.0
2020-02-04 02:22:24.700000,-73.125,-53.0,301.187,1.194,-1041.0,-577.0,101.0
2020-02-04 02:22:24.800000,-65.25,-49.625,288.437,1.121,-867.0,-645.0,301.0
2020-02-04 02:22:24.900000,-65.25,-49.625,288.437,1.121,-867.0,-645.0,301.0
2020-02-04 02:22:25,-67.063,-48.125,287.625,1.17,-914.0,-727.0,79.0
2020-02-04 02:22:25.100000,-60.188,-47.813,282.0,0.814,-561.0,-465.0,364.0
2020-02-04 02:22:25.200000,-60.188,-47.813,282.0,0.814,-561.0,-465.0,364.0
2020-02-04 02:22:25.300000,-62.313,-49.688,284.062,1.066,-870.0,-498.0,364.0
2020-02-04 02:22:25.400000,-67.125,-52.0,285.625,1.142,-987.0,-527.0,233.0
2020-02-04 02:22:25.500000,-67.125,-52.0,285.625,1.142,-987.0,-527.0,233.0
2020-02-04 02:22:25.600000,-70.25,-54.375,285.312,1.174,-1005.0,-589.0,151.0
2020-02-04 02:22:25.700000,-73.688,-55.813,282.0,0.959,-804.0,-522.0,-32.0
2020-02-04 02:22:25.800000,-73.688,-55.813,282.0,0.959,-804.0,-522.0,-32.0
2020-02-04 02:22:25.900000,-75.25,-52.5,278.625,1.587,-1210.0,-1017.0,-148.0
2020-02-04 02:22:26,-72.0,-36.75,282.562,1.018,-637.0,-732.0,308.0
2020-02-04 02:22:26.100000,-72.0,-36.75,282.562,1.018,-637.0,-732.0,308.0
2020-02-04 02:22:26.200000,-72.0,-16.938,299.062,0.799,-416.0,-574.0,369.0
2020-02-04 02:22:26.300000,-62.625,-8.5,313.125,0.866,-244.0,-602.0,574.0
2020-02-04 02:22:26.400000,-62.625,-8.5,313.125,0.866,-244.0,-602.0,574.0
2020-02-04 02:22:26.500000,-59.375,-9.25,323.437,1.087,-454.0,-738.0,657.0
2020-02-04 02:22:26.600000,-60.938,-20.563,326.875,1.026,-719.0,-656.0,327.0
2020-02-04 02:22:26.700000,-60.938,-20.563,326.875,1.026,-719.0,-656.0,327.0
2020-02-04 02:22:26.800000,-66.563,-37.0,320.062,1.13,-1000.0,-503.0,155.0
2020-02-04 02:22:26.900000,-77.938,-54.188,293.437,1.202,-1081.0,-519.0,84.0
2020-02-04 02:22:27,-77.938,-54.188,293.437,1.202,-1081.0,-519.0,84.0
2020-02-04 02:22:27.100000,-70.125,-59.063,261.062,1.268,-1152.0,-487.0,210.0
2020-02-04 02:22:27.200000,-63.563,-57.063,239.375,0.985,-842.0,-466.0,211.0
2020-02-04 02:22:27.300000,-63.563,-57.063,239.375,0.985,-842.0,-466.0,211.0
2020-02-04 02:22:27.400000,-56.5,-54.563,222.5,0.905,-679.0,-454.0,390.0
2020-02-04 02:22:27.500000,-52.438,-54.313,212.937,0.958,-658.0,-450.0,533.0
2020-02-04 02:22:27.600000,-52.438,-54.313,212.937,0.958,-658.0,-450.0,533.0
2020-02-04 02:22:27.700000,-47.063,-54.563,205.562,1.217,-881.0,-424.0,726.0
2020-02-04 02:22:27.800000,-38.375,-56.688,198.875,1.141,-1007.0,-320.0,432.0
2020-02-04 02:22:27.900000,-38.375,-56.688,198.875,1.141,-1007.0,-320.0,432.0
2020-02-04 02:22:28,-29.688,-59.5,196.25,0.795,-652.0,-148.0,431.0
2020-02-04 02:22:28.100000,-26.25,-62.875,194.312,0.989,-857.0,-205.0,450.0
2020-02-04 02:22:28.200000,-26.25,-62.875,194.312,0.989,-857.0,-205.0,450.0
2020-02-04 02:22:28.300000,-24.5,-61.875,188.625,1.189,-1015.0,-357.0,508.0
2020-02-04 02:22:28.400000,-24.875,-63.438,187.062,1.01,-843.0,-287.0,478.0
2020-02-04 02:22:28.500000,-24.875,-63.438,187.062,1.01,-843.0,-287.0,478.0
2020-02-04 02:22:28.600000,-22.25,-62.563,183.937,0.775,-552.0,-199.0,507.0
2020-02-04 02:22:28.700000,-22.125,-61.563,180.937,1.114,-926.0,-286.0,551.0
2020-02-04 02:22:28.800000,-22.125,-61.563,180.937,1.114,-926.0,-286.0,551.0
2020-02-04 02:22:28.900000,-20.375,-63.938,177.062,1.08,-944.0,-178.0,495.0
2020-02-04 02:22:29,-26.813,-65.813,179.562,0.885,-764.0,-191.0,405.0
2020-02-04 02:22:29.100000,-26.813,-65.813,179.562,0.885,-764.0,-191.0,405.0
2020-02-04 02:22:29.200000,-30.25,-67.438,179.562,0.902,-796.0,-277.0,322.0
2020-02-04 02:22:29.300000,-32.125,-68.625,181.375,1.112,-988.0,-310.0,407.0
2020-02-04 02:22:29.400000,-32.125,-68.625,181.375,1.112,-988.0,-310.0,407.0
2020-02-04 02:22:29.500000,-37.688,-71.375,185.375,1.057,-965.0,-296.0,315.0
2020-02-04 02:22:29.600000,-35.25,-73.25,182.312,0.8,-725.0,-201.0,274.0
2020-02-04 02:22:29.700000,-35.25,-73.25,182.312,0.8,-725.0,-201.0,274.0
2020-02-04 02:22:29.800000,-25.938,-76.188,171.0,1.086,-1063.0,-118.0,194.0
2020-02-04 02:22:29.900000,-14.25,-78.875,159.187,1.129,-1107.0,-35.0,220.0
2020-02-04 02:22:30,-14.25,-78.875,159.187,1.129,-1107.0,-35.0,220.0
2020-02-04 02:22:30.100000,-16.0,-80.75,158.187,1.017,-992.0,-99.0,205.0
2020-02-04 02:22:30.200000,-19.25,-81.813,160.375,1.042,-1006.0,-167.0,217.0
2020-02-04 02:22:30.300000,-19.25,-81.813,160.375,1.042,-1006.0,-167.0,217.0
2020-02-04 02:22:30.400000,-24.5,-81.938,167.25,1.035,-998.0,-159.0,224.0
2020-02-04 02:22:30.500000,-33.125,-77.375,176.625,1.05,-1011.0,-169.0,230.0
2020-02-04 02:22:30.600000,-33.125,-77.375,176.625,1.05,-1011.0,-169.0,230.0
2020-02-04 02:22:30.700000,-34.75,-76.188,179.125,1.023,-984.0,-161.0,232.0
2020-02-04 02:22:30.800000,-35.5,-76.438,180.625,0.994,-965.0,-129.0,202.0
2020-02-04 02:22:30.900000,-35.5,-76.438,180.625,0.994,-965.0,-129.0,202.0
2020-02-04 02:22:31,-36.75,-77.0,181.875,1.013,-979.0,-151.0,216.0
2020-02-04 02:22:31.100000,-38.313,-76.563,183.5,1.005,-966.0,-153.0,233.0
2020-02-04 02:22:31.200000,-38.313,-76.563,183.5,1.005,-966.0,-153.0,233.0
2020-02-04 02:22:31.300000,-39.375,-75.875,184.812,1.019,-980.0,-157.0,231.0
2020-02-04 02:22:31.400000,-39.313,-75.313,185.312,1.01,-970.0,-174.0,224.0
2020-02-04 02:22:31.500000,-39.313,-75.313,185.312,1.01,-970.0,-174.0,224.0
2020-02-04 02:22:31.600000,-39.75,-74.875,185.75,1.006,-970.0,-159.0,218.0
2020-02-04 02:22:31.700000,-39.688,-74.625,185.75,0.999,-962.0,-168.0,214.0
2020-02-04 02:22:31.800000,-39.688,-74.625,185.75,0.999,-962.0,-168.0,214.0
2020-02-04 02:22:31.900000,-40.125,-74.75,185.812,1.013,-978.0,-162.0,212.0
2020-02-04 02:22:32,-40.25,-75.063,185.687,1.001,-963.0,-182.0,208.0
2020-02-04 02:22:32.100000,-40.25,-75.063,185.687,1.001,-963.0,-182.0,208.0
2020-02-04 02:22:32.200000,-40.188,-75.438,185.687,1.0,-967.0,-159.0,204.0
2020-02-04 02:22:32.300000,-40.688,-75.313,185.5,1.017,-981.0,-173.0,205.0
2020-02-04 02:22:32.400000,-40.688,-75.313,185.5,1.017,-981.0,-173.0,205.0
2020-02-04 02:22:32.500000,-41.0,-75.313,185.312,1.012,-978.0,-168.0,203.0
2020-02-04 02:22:32.600000,-41.5,-75.5,185.625,1.005,-970.0,-171.0,201.0
2020-02-04 02:22:32.700000,-41.5,-75.5,185.625,1.005,-970.0,-171.0,201.0
2020-02-04 02:22:32.800000,-41.375,-75.5,185.625,1.003,-967.0,-171.0,206.0
2020-02-04 02:22:32.900000,-40.75,-75.438,185.437,1.004,-969.0,-166.0,206.0
2020-02-04 02:22:33,-40.75,-75.438,185.437,1.004,-969.0,-166.0,206.0
2020-02-04 02:22:33.100000,-39.875,-75.375,185.0,1.008,-973.0,-162.0,212.0
2020-02-04 02:22:33.200000,-39.5,-75.375,184.687,1.008,-974.0,-164.0,205.0
2020-02-04 02:22:33.300000,-39.438,-75.375,184.875,1.001,-967.0,-161.0,207.0
2020-02-04 02:22:33.400000,-39.438,-75.375,184.875,1.001,-967.0,-161.0,207.0
2020-02-04 02:22:33.500000,-39.375,-75.375,184.75,1.004,-972.0,-157.0,201.0
2020-02-04 02:22:33.600000,-39.625,-75.375,184.937,1.004,-970.0,-162.0,204.0
2020-02-04 02:22:33.700000,-39.625,-75.375,184.937,1.004,-970.0,-162.0,204.0
2020-02-04 02:22:33.800000,-39.188,-75.188,184.75,1.007,-975.0,-160.0,199.0
2020-02-04 02:22:33.900000,-39.25,-75.313,184.812,1.006,-973.0,-162.0,201.0
2020-02-04 02:22:34,-39.25,-75.313,184.812,1.006,-973.0,-162.0,201.0
2020-02-04 02:22:34.100000,-39.25,-75.5,185.062,1.003,-972.0,-153.0,195.0
2020-02-04 02:22:34.200000,-39.313,-75.438,185.0,0.997,-968.0,-151.0,188.0
2020-02-04 02:22:34.300000,-39.313,-75.438,185.0,0.997,-968.0,-151.0,188.0
2020-02-04 02:22:34.400000,-39.563,-75.313,184.562,1.008,-978.0,-156.0,188.0
2020-02-04 02:22:34.500000,-40.938,-76.063,185.125,1.009,-977.0,-158.0,197.0
2020-02-04 02:22:34.600000,-40.938,-76.063,185.125,1.009,-977.0,-158.0,197.0
2020-02-04 02:22:34.700000,-40.188,-76.5,184.625,1.006,-976.0,-157.0,191.0
2020-02-04 02:22:34.800000,-38.625,-76.625,183.25,1.007,-979.0,-151.0,184.0
2020-02-04 02:22:34.900000,-38.625,-76.625,183.25,1.007,-979.0,-151.0,184.0
2020-02-04 02:22:35,-38.375,-76.438,183.0,0.995,-968.0,-147.0,181.0
2020-02-04 02:22:35.100000,-38.875,-76.563,183.437,1.001,-972.0,-151.0,189.0
2020-02-04 02:22:35.200000,-38.875,-76.563,183.437,1.001,-972.0,-151.0,189.0
2020-02-04 02:22:35.300000,-39.375,-76.688,184.0,1.014,-986.0,-148.0,185.0
2020-02-04 02:22:35.400000,-40.375,-76.875,184.687,1.007,-980.0,-149.0,179.0
